,用户名,弹幕,会员等级,发布时间,弹幕点赞数,弹幕id
0,,第一,4,0,11,6755690901339831981
0,WikL,哈哈哈哈哈哈哈哈就知道这个点来没错,1,0,50,6755690946283159625
0,,爱了,0,0,23,6755691096152670063
0,,来了来了,2,0,10,6755691289615300209
0,,第一第一一,2,2,14,6755691402157559285
0,,没错第一条就是我,0,0,29,6755691563050366868
0,,第一分钟就是我,0,0,13,6755691612573473827
0,,来啦,0,2,5,6755691686128717609
0,,第一☝️,2,0,5,6755691711767441941
0,,我在兰州,5,0,5,6755692083311818843
0,,就喜欢不准时,0,2,18,6755694285338211322
0,,来了,2,4,3,6755697119694624427
0,吃醋大王,来啦来啦,4,3,8,6755698283335840399
0,, 鹿鹿来晚了,0,2,10,6755699002591868494
0,,？,6,1,3,6755702384153362126
0,,不,0,4,5,6755702928616655458
0,,只为了鹿晗而来,0,2,10,6755704311164415577
0,,解决了,0,4,13,6755704340196376386
0,木樨子,来看鹿哥,0,4,14,6755706993623147781
0,一贫如洗小道长,哈,0,1,3,6755707064115458446
0,,.,0,4,2,6755705978601581128
0,,只来看鹿晗,0,3,18,6755704454861278301
0,,66,0,4,4,6755708213719661385
0,,哈哈哈,0,1,7,6755717132097977606
0,,。,0,2,0,6755726778305098758
0,,鹿爷!,0,2,3,6755733329263699592
0,,，,0,4,0,6755734500975773048
0,四海为家,哈哈,0,4,1,6755731893669526140
0,,的,0,3,3,6755731895260531995
0,,哦,0,3,3,6755748921572043459
0,Dayana , 留下我花钱的痕迹,0,2,3,6755753836347422776
0,,666,0,1,2,6755754059173654985
0,清风徐来丶,11,0,1,1,6755775368234825074
0,, 、第一。,0,3,5,6755777529282837898
0,,来了。,0,3,6,6755795311085952191
0,,1,0,3,0,6755801781793967579
0,,Q,0,3,1,6755831546448985649
0,,嗯,0,1,0,6755839093366050799
0,,每周五的快乐,5,1,12,6755844098096642142
0,,好看,0,1,5,6755876331256750014
0,,哈哈党 : 第一,3,7,25,6755690189843266465
0,,哈哈党 : 来了老弟,6,6,36,6755690532078866048
0,,第一第一！！？？？,0,6,30,6755691213808409163
0,,来看鹿,1,8,40,6755691401989093092
0,Fetter ॑॑,第一?,0,7,9,6755692519775304640
0,。,鹿哥未来可期  干饭人🦌🦌🦌🦌,1,5,88,6755692892245915517
0,,有点早啊,0,6,8,6755692951613146324
0,,来了来了，就知道会提前,0,8,27,6755693022769513788
0,,不守时,0,6,4,6755693117882693800
0,, 666,0,6,2,6755693484322619377
0,苗,张颜齐,4,6,10,6755693767001928031
0,NI,来了来了   就喜欢你的不准时,0,5,46,6755693861839319188
0,🐏🐏🐏🐏, 第一[打工人22][打工人22],0,8,15,6755693760156823891
0,,欣欣子！！！,0,5,26,6755694180682932724
0,,虞书欣我来了,6,9,61,6755694337553085176
0,,虞书欣妈妈来啦,0,7,30,6755694210466650132
0,,魔鬼,0,7,3,6755694568991562215
0,,哈哈哈哈哈,0,6,7,6755695004938155641
0,, 来了来了,0,5,16,6755695011598710400
0,, 真不错,0,7,9,6755695035930886954
0,低调,期待王晨克！,0,9,19,6755695445637871801
0,,小鱼儿，来看你啦,0,8,12,6755694846183748998
0,,来看鹿晗了,0,7,4,6755695639835166257
0,卑劣,冲冲冲,0,8,6,6755695788324746642
0,, 来喽来偶,0,6,0,6755696051089866048
0,, 来了,0,7,1,6755696595465390951
0,,虞书欣，我来啦！！！！！！！,0,9,28,6755697576651197293
0,阿古阿古,鹿晗,0,5,2,6755698292336816802
0,ikw.,来啦来啦！！！,0,8,6,6755698959428631284
0,,在,0,8,1,6755699386476594274
0,chenying,王晨艺,0,8,1,6755700138874960938
0,,来啦来啦，嗨起来姐妹们,0,5,13,6755700551980692448
0,💋,就知道会这样,0,9,9,6755701042571654810
0,, 张颜齐！俺来也,0,7,3,6755703940663408316
0,,啊啊啊啊来看虞书欣啦,0,9,17,6755704585400601953
0,,大头大头，下雨不愁,0,5,9,6755706321783737017
0,,额,0,5,2,6755708322981280904
0,, 来了来了,0,9,1,6755713074620559904
0,,水,0,9,1,6755744387269069692
0,,第一,4,24,1,6755690282425491589
0,,来了来了,1,20,7,6755691732621866675
0,蜡笔木有小新_,喜欢不准时,1,22,26,6755691972461577335
0,,喜欢,0,20,2,6755692814933674030
0,, 第一来啦来啦,0,20,24,6755692872848576939
0,, ||ヽ(*￣▽￣*)ノミ|Ю,0,24,37,6755692898952607619
0,,来了来了，哈哈哈哈哈,0,20,16,6755693065655565465
0,,鹿哥我来了,0,22,19,6755693333948070308
0,,第一第一,0,22,7,6755693405939449405
0,悟,第一个,0,24,6,6755695168587331699
0,,来了,0,22,0,6755695306202084145
0,,欣欣我来啦,4,21,26,6755695346527479752
0,,终于更新了 来看虞书欣啦,0,20,19,6755695816502426299
0,,张颜齐哈哈哈哈哈,1,23,25,6755695904520914866
0,山海°,哈哈哈哈哈哈,0,23,9,6755695798870591247
0,Suger,来看虞书欣啦！,0,22,3,6755696048371595012
0,盛夏之岚,虞书欣我来了,0,22,3,6755696130311863392
0,甜馨美妆, 晨艺我来了,0,23,7,6755694296655403121
0,,鹿晗,0,21,3,6755696595201102825
0,, 来啦来啦,0,21,10,6755696798011161354
0,, 来咯来咯,0,22,2,6755696706144638074
0,,哈哈哈哈,0,22,1,6755696655674577970
0,,哈哈哈哈哈,0,23,1,6755697732184378409
0,,听说有虞书欣 来看看！,0,23,7,6755697871821448428
0,ythao,虞书欣我来啦,0,20,9,6755698065596936599
0,, 来了来了,0,23,0,6755698200617141261
0,, 我是第一,0,21,3,6755698325161801965
0,烟火的季节,来了特别期待这一期,0,20,6,6755698570549195789
0,,真的是不准时呀,0,20,0,6755698852368676240
0,, 中午就更新了,0,24,3,6755700048341250286
0,, 啦啦啦啦啦,0,24,0,6755700923180807854
0,王君一爱吃糖, 第一第一,0,24,2,6755703012721105215
0,,齐齐妈妈来啦,1,24,2,6755704756002553031
0,,刚追完之前的就更新，太幸福了吧,0,24,5,6755705421865432856
0,微醺巴黎,哈哈哈哈哈！老了老弟！,0,21,3,6755707573677603641
0,, 来了来了 ,0,23,0,6755714288632477957
0,,加油，篮子们,0,23,2,6755711968835258156
0,,下饭好剧！碗里来！,0,21,4,6755762647847081679
0,,就喜欢不准时,0,21,2,6755786850766616149
0,大叔., 來了來了 來看張顏齊,0,21,1,6755801620563556363
0,愿你冬天一直有暖阳。,我指定是第一,6,12,24,6755690097133727656
0,,哈哈哈哈哈哈,1,14,39,6755690453451436802
0,,来了,3,11,2,6755690481818521164
0,,第一,5,10,3,6755690880751346490
0,,第一？？,0,10,18,6755690963521741701
0,,哈哈哈哈哈哈来啦,0,11,29,6755691092826928091
0,,就喜欢你的bu zhun shi,3,10,12,6755691173009454586
0,,第一☝️,0,11,7,6755691408230217454
0,,就喜欢不准时的,0,10,3,6755691571221873364
0,蜡笔木有小新_,来了来了,0,12,3,6755691862943797234
0,,第一 第一,0,14,12,6755692121174507816
0,,我是第一个吧,0,14,6,6755692188706996608
0,,年轻人不讲武德，这么早更新，还好我来了，哈哈,0,11,75,6755692599492229768
0,,第一第一第一,0,14,1,6755692845672363857
0,,来了来了好早好早 等一个礼拜了！！,0,12,26,6755692475291511356
0,,怎么不准时呢[笑哭23],0,12,13,6755692948962346193
0,,不准时,6,13,21,6755692229311363715
0,颜七思睿, 张颜齐我来啦,0,14,7,6755693207473372483
0,, 来了,0,12,0,6755693292006347703
0,,来看虞书欣了,0,14,3,6755693290654464363
0,,虞书欣,0,10,6,6755693111394105499
0,,来了，他真的来了,0,14,2,6755693823353096439
0,,来了特别期待这一期,0,11,22,6755693790435487794
0,"Cr1stiNe,💋",欣欣,0,10,3,6755693898933402751
0,,有点早啊,0,12,3,6755693892286748296
0,,yeah，不准时爱了,0,10,12,6755693243896708471
0,,我来啦，第一不,0,10,12,6755694348165697418
0,自由눈_눈死亡, 第一,0,12,1,6755694520396391353
0,,勉勉我来啦.,0,12,3,6755694218652614128
0,,第一吗,0,14,0,6755694526599774333
0,,来啦,4,11,2,6755694643569505426
0,,哈哈哈哈,0,11,1,6755695220329268240
0,aQIU,来啦啊啊啊啊,0,11,7,6755695356350547132
0,,朋友们，来了,0,13,13,6755693717187138991
0,寻觅, 来了来了来了,0,13,7,6755695819531732778
0,, 来了来了,0,13,2,6755699473918737853
0,,来啦来啦,0,13,4,6755702752623659061
0,怎么都吃不饱,  来了来了了,0,13,2,6755703936712736025
0,,第一第一！！？？？,0,13,0,6755704626122786842
0,,就知道会这样,0,13,3,6755708585654104942
0,,哈哈党 : 不准时，爱了,2,19,32,6755690138095307987
0,,齐齐妈妈来啦,0,19,10,6755690415531693819
0,,第一个第一个,5,15,31,6755690633945615044
0,,嗷嗷嗷嗷嗷嗷嗷嗷,0,19,4,6755690669090000673
0,雅岚,下饭好剧！碗里来！,2,16,55,6755690949054575416
0,,第一第一,2,17,26,6755691107579271650
0,,哈哈党 : 啦啦啦啦啦,2,18,24,6755691655116033801
0,,就喜欢不准时,0,16,14,6755691983706463680
0,,鹿晗鹿晗鹿晗鹿晗鹿晗鹿晗鹿晗,0,17,37,6755692739071297501
0,蓝色气球柠檬夏﹌　　　　, 王晨艺我来看你了,0,15,19,6755692895753717891
0,,哈哈哈哈哈,0,15,4,6755692951919642827
0,汪志雨, 下饭了家人们,0,18,19,6755692984945585238
0,,真不守时,0,15,5,6755693087055923557
0,想暴富的田小田, 呦呦呦 提前了~,0,18,16,6755693225337885537
0,,鹿晗我来了,0,18,5,6755693326005375960
0,,来了，虞书欣,0,18,5,6755693344945535415
0,,来咯,0,19,2,6755693166571531554
0,, 来了来了鹿哥,0,18,2,6755693405084518153
0,, v6在此,0,16,4,6755693487263821466
0,忙碌溜号中, 鹿晗我爱你,0,19,6,6755693737130082282
0,,果然提前了,0,16,4,6755693615227842368
0,,鹿哥未来可期  干饭人🦌🦌🦌🦌,0,15,4,6755694728273474806
0,, 来看王晨艺,0,16,4,6755695021509505534
0,,第一！！！,0,15,0,6755695318009411878
0,心, 第一第一,0,15,0,6755694951615623592
0,, 来啦来啦来啦,0,19,5,6755695623493138836
0,,鹿晗,0,18,0,6755696178411796413
0,, 五分钟了,0,19,0,6755696388190963070
0,,  我来啦哈哈哈哈！！！！我们学校放假啦,0,16,2,6755696799685740437
0,蛋。, 來了來了 來看張顏齊,0,17,12,6755696734993061035
0,,来了来了，看鹿子晗,0,18,2,6755696609603025420
0,,虞书欣！,0,16,1,6755697913097601648
0,,好好好,0,15,1,6755698280992581389
0,峰,嘻嘻,0,17,1,6755705611386035435
0,,我来啦,0,17,0,6755704390003748959
0,, 666,0,17,1,6755717858271368521
0,,不科学啊，咋没人抗议呢？,0,19,4,6756031571486246492
0,,爷是第一个,3,29,15,6755690608683634402
0,,哈哈党 : 777,4,26,20,6755690767407674443
0,哎呦喂,真好,4,25,2,6755691876331321585
0,周诗汝🥇,爱了爱了 这会儿就有了,5,28,36,6755692309033459514
0,,赫赫我来了,0,28,11,6755692951570513313
0,,刚刚微博过来，恭喜鹿哥官宣代言,0,29,19,6755693456683158296
0,, 哈哈哈哈哈哈,0,29,5,6755693584466824130
0,,来看欣欣,2,27,18,6755693883540307053
0,安然自若！,提前了，还好我来早了,0,29,8,6755694010960120263
0,京师律师, 晨艺我来啦,0,26,8,6755693244085468905
0,,欣欣宝贝,2,27,6,6755694611404407029
0,, 来看虞书欣,0,28,9,6755695125771514476
0,,就喜欢鹅的不准时,0,26,6,6755695183725268817
0,,鹿晗来了,0,28,15,6755695389447800040
0,榨汁机,虞书欣,0,27,2,6755695483667626219
0,,哈哈党 : 哦哟,3,40,9,6755690748390683216
0,,就喜欢不准时,1,41,4,6755691580448339883
0,,鹿子我来了,0,41,6,6755693538542025371
0,,哈哈哈哈哈哈,4,44,6,6755693555601577203
0,,来啦,0,41,1,6755694027188194817
0,,鹿晗呐,0,40,2,6755694471875687672
0,,77我来了,1,43,0,6755694574778725411
0,Fuck.,第一 ！！！！！！！！！！！赞！,0,40,5,6755695412449320437
0,π,哈哈哈哈哈,0,43,1,6755695960221264646
0,,这期有虞书欣 那我来啦,0,40,3,6755696071361892684
0,LUCKY ONE,欣欣子我来啦,4,42,5,6755696471313679840
0,ikakashi,期待张颜齐！,0,42,0,6755697304504082909
0,,啊，鹿子，来了来了,0,40,1,6755697375580457602
0,,欣欣宝贝你来啦！,0,43,7,6755697632275363147
0,,来看欣欣,1,44,2,6755700334694773398
0,🌿, 晨艺我来啦,0,40,0,6755700741441615258
0,゛       Arxher        .,我是第一个,0,40,0,6755704545339439932
0,,大兰州我来了,0,41,2,6755708372952218853
0,, 欣欣我来了,0,41,1,6755716386555883845
0,,哈哈哈,0,44,2,6755717611506563381
0,微泶℡,兰州  我家,0,40,2,6755719911868397268
0,耐丷,虞书欣 我来啦啊啊啊啊,0,41,1,6755721114972299867
0,家有小可爱,来了来了,0,42,2,6755711933187860544
0,, 来看晨艺,0,42,4,6755725472131726599
0,,，,0,41,0,6755729914513040345
0,,[打工人22]哈哈哈哈哈,0,41,1,6755731970418218099
0,a希,邓超俪娘娘[笑哭23],0,43,5,6755741657300760248
0,「手心,咋又来个哈哈,0,44,1,6755744638260415709
0,, 虞书欣 我来了,0,42,0,6755746344197097020
0,see the world together, 哈哈哈哈哈,0,43,0,6755751494411285562
0,,第一,0,44,1,6755756426632115199
0,万万, 张颜齐,0,43,0,6755761700471295079
0,, 都是VIP说话硬气点,0,44,1,6755768785605688309
0,,张颜齐,0,44,0,6755777165359510910
0,,鹿晗,0,42,1,6755779485451713122
0,, 王晨艺来啦,0,42,3,6755785620510487984
0,,我的快乐源泉,0,42,5,6755785680421943713
0,追鹿,又是爱鹿晗的一天,0,44,0,6755803868967709669
0,,兰州 来了,5,43,2,6755807806718723392
0,,来看虞书欣啦！,0,43,1,6755895075311953922
0,,哈哈党 : [加油]啧啧,3,57,24,6755690818390399158
0,Monica🍑,第一 哈哈,4,56,11,6755690937542230086
0,,第一,3,58,2,6755691360167687875
0,, 哈哈哈哈哈。开心,0,57,3,6755692595826424847
0,。,鹿哥未来可期  干饭人🦌鹿🦌🦌哈哈哈,0,58,22,6755693016293773900
0,,哈哈党 : 终于来了,1,59,22,6755693108328069269
0,甜馨美妆, 晨艺跳舞了,0,56,8,6755694429332504297
0,,鹿哥,0,56,0,6755695192852382702
0,,王晨艺，姐姐来看你打工啦,0,56,6,6755696197178476877
0,, 晨艺跳舞了,0,59,10,6755696210751197686
0,,哈哈党 : 晨艺宝贝,0,58,10,6755696203603148304
0,晶晶,看预告王晨艺这期好惨,0,58,12,6755696539442025381
0,bluoo,欣欣宝贝我来啦,0,57,2,6755697316813370302
0,,来看欣欣了,0,55,4,6755697388695335686
0,,虞书欣我来了啊啊啊啊啊啊啊啊,0,58,11,6755697403199238935
0,, 哈哈哈哈哈,0,56,7,6755698335342337254
0,,啊，鹿子，来了来了,1,56,14,6755700883569784246
0,躲晕晕,为了欣欣而来！,0,56,3,6755701210989737852
0,,。,0,57,0,6755701413500135430
0,,周五来看鹿晗,6,55,5,6755705369521530337
0,,鹿鹿，妈妈来看鹿鹿啦,0,56,2,6755705425358942656
0,,喜欢鹿晗,0,58,5,6755705473795110783
0,,  期待晨艺,0,55,3,6755707455772534967
0,,  欣欣我来啦！,0,59,2,6755709016124889892
0,,上一期不是南南和鹿晗送外卖吗?为啥是鹿晗和陈赫,0,55,4,6755714256000809461
0,成长, 这么多人提前守着,0,55,1,6755717202189681564
0,, 哎，现在看了，晚上看什么，真不忍心看,0,59,6,6755722061131481143
0,,欣欣子我来了,0,58,2,6755752844449034483
0,远琴,77我来了,0,59,0,6755760651428361201
0,,哈哈哈哈哈,0,57,0,6755764898220241101
0,,来看王晨艺,0,58,3,6755769063382911698
0,, 来看晨艺,0,59,2,6755817547661589362
0,, [鸡腿]0,0,59,0,6755810710032686652
0,,哎呦喂,0,55,0,6755837133908808013
0,,期待虞书欣啦,0,59,1,6755855461472811403
0,,齐齐我来啦,0,55,0,6755861200690981041
0,,77,0,57,0,6756062871601480002
0,,哈哈,0,55,0,6756083434905599807
0,, 这是又提前了吗,0,57,0,6756108397550487477
0,最帅小男孩,鹿晗呐,0,57,0,6756501021112434077
0,,齐齐二姨来啦,6,31,5,6755690587770787782
0,,哈哈哈哈哈,6,32,5,6755690676953297399
0,,现在是11点44,0,31,2,6755691197769433423
0,,第一,2,33,6,6755691523883939245
0,小幸福,来啦来啦,2,34,2,6755691911223374606
0,,家人们，一起哈哈哈哈哈,0,34,5,6755693815208070375
0,,来了鹿,1,30,9,6755694314715810618
0,甜馨美妆, 晨艺我来了哈哈哈哈哈,0,33,12,6755694332347953904
0,悟,我是第一个,0,30,13,6755695210942107503
0,,掐着点来的哈哈哈,0,33,6,6755695222577106816
0,, 晨艺我来啦,0,30,17,6755696085286716403
0,,来看欣欣,0,33,0,6755696152060301729
0,, 来看虞书欣,0,30,6,6755696140701860930
0,,欣欣宝贝,0,34,0,6755696157412280600
0,F,啊，鹿子，来了来了,0,33,1,6755696613742803475
0,大大大大大林, 鹿晗我爱你,0,31,4,6755697293694008738
0,,张颜齐！,0,33,1,6755698003270943482
0,,。,0,30,0,6755700535753949252
0,, 晨艺我来了,0,30,5,6755702944228120721
0,WanYin😉, 张颜齐！！,0,30,2,6755703946809420731
0,,期待张颜齐,1,32,4,6755704660814188022
0,,就喜欢这不准时,0,33,1,6755704766861606111
0,,来了来了,0,30,2,6755702390970101154
0,我是非主流.,欣欣子我来啦,0,31,2,6755715903419521219
0,,刚刚微博过来，恭喜鹿哥官宣代言,3,33,1,6755720930883285692
0,, 啊啊啊我来晚了啊,0,31,1,6755721019593791574
0,,虞书欣！,0,32,1,6755710563297800379
0,, 哈哈哈，等到了,0,32,4,6755729229021159448
0,小情绪的女人, 怎么那么早,0,34,6,6755730847556945792
0,, 不准时，爱了,0,32,0,6755736655051814069
0,,鹿晗,0,32,0,6755740149658879072
0,,欣欣我来了啊啊啊啊,0,32,2,6755745475225692350
0,,打卡,0,31,1,6755749029913753333
0,,虞书欣我来了！,0,32,2,6755752690413930662
0,,来看虞书欣啦！,0,31,4,6755759175491899305
0,,来看虞书欣,0,34,0,6755762812027600435
0,,hhh,0,31,0,6755765222411579274
0,小少爷, 哈哈,0,34,0,6755779031289275379
0,,第一是我好不好,0,34,1,6755784338492818980
0,,鹿晗来了,0,34,0,6755789135467281361
0,,看个预告变成正片了,3,53,6,6755691727136693396
0,,哈哈党 : 来了来了来了来了来了,2,52,5,6755691811853288379
0,,鹿晗冲冲冲,4,51,4,6755694545566374347
0,,张颜齐哈哈哈哈哈,1,54,4,6755694677560161814
0,爱丽reed sugar,每周五的快乐，看鹿晗,0,54,2,6755695559040280802
0,,其他了,0,54,0,6755694943277347225
0,榨汁机,欣欣子,0,52,2,6755695603704067245
0,,哈哈党 : 来了来了，来看王晨艺了,0,52,3,6755696182355494012
0,,欣欣子我来啦~,0,54,2,6755697751457513864
0,chenying,晨艺跳舞太帅了,2,50,6,6755700376847545229
0,Chelsea,王晨艺我来了,0,51,3,6755700626128308960
0,躲晕晕,芜湖来看虞书欣宝贝啦,0,54,1,6755701172771950047
0,, 来啦,0,54,2,6755705829330495804
0,, 鹿宝贝我爱你啊哈哈哈哈,0,54,2,6755706111967865654
0,我爱睡午觉,齐齐重庆崽儿呀呀呀,0,54,0,6755718515757916856
0,,快快快,0,53,0,6755718638310274319
0,废材先生不废材, 听说晨艺学坏了，我来看看,0,53,4,6755719470368933705
0,,这个确实赚，不得罪人。,0,51,4,6755720169046341724
0,giao~宝盒, 我来了,0,51,1,6755712002175772830
0,,来看鹿晗,0,51,1,6755731966848865386
0,💓m捧一手星星h.,欣欣宝贝你来啦！,0,51,0,6755731234259192178
0,,哈哈哈哈哈哈哈哈哈,0,53,2,6755747862919966915
0,,这期有虞书欣 那我来啦,0,53,2,6755762780457432579
0,,准点在线,0,52,1,6755775114820130162
0,Simple。,哎？你们都多了一个哈 知道吗 都是假粉丝,0,52,2,6755786223403594557
0,细品岁月,张颜齐,0,52,0,6755799914505598870
0,, 晨艺我来了,0,50,1,6755805575410544849
0,,雷佳音来了,0,50,1,6755851821069304683
0,废材先生不废材, 晨艺跳舞好帅啊,0,50,0,6755853718395221535
0,, 来啦来啦,0,53,0,6755859633195690901
0,A00货车运输王建,困困困困困,6,53,0,6756019856954869510
0,, 勇士又输了,0,50,0,6756034180414941242
0,, 都是VIP说话硬气点,0,50,1,6756051556635971569
0,Empety, 哈哈哈啊哈哈哈哈 来了,0,50,0,6756079000348032028
0,, 来了来了,0,50,0,6756083380670371503
0,,虞书欣我来啦,0,53,0,6756170558380474077
0,, 来了来了，来看王晨艺了,0,52,0,6757484598386954817
0,柚稚,虞书欣姐姐来啦,1,36,13,6755691266521100321
0,, 2021年1月15日 11:49:51,0,36,1,6755692438771401379
0,颜七思睿,哈哈党 : 张颜齐,2,38,9,6755693306384468568
0,,第一☝️,1,35,5,6755693883431255147
0,,集合啦,0,38,3,6755693940909997228
0,, 张颜齐理论,0,38,2,6755694240915979795
0,,哈哈党 : 晨艺我来啦,1,37,12,6755695114905437061
0,希望明天不上火,来了姐妹们,0,37,1,6755695454672057346
0,, 晨艺我来了哈哈哈哈哈,0,36,6,6755696114710024570
0,,欣欣子我来疗,0,35,5,6755697956131153233
0,chenying,王晨艺我来了,0,37,1,6755700290982748643
0,,欣欣宝贝我来啦~,0,37,4,6755700252726200519
0,, 虞书欣 我来了,0,36,5,6755700606264350976
0,,  晨艺我来啦！,0,35,3,6755700806331675974
0,,小齐我来了  因为你特别喜欢重庆！,0,36,3,6755700843167072757
0,,鹿哥,0,36,1,6755701159585366926
0,一飞冲天,唯品会被查,2,39,2,6755706576880994426
0,, 虞书欣我来了,0,37,2,6755705951069158127
0,晨曦, 来了来了,0,38,2,6755707954428839129
0,Tong,CH我来了,0,37,0,6755702274077685748
0,,来了鹿晗！！,0,38,0,6755709303786770292
0,,我大兰州,0,36,1,6755715637890752697
0,, 打卡打卡,0,37,0,6755717810242432690
0,废材先生不废材, 来看晨艺,0,35,4,6755719392304504441
0,,我来了,0,35,0,6755731876812976646
0,梓辞, 欣欣我来了,0,39,2,6755758993291020710
0,꯭一꯭个꯭人꯭ꦿ᭄,鹿🦌,0,39,2,6755763783555590212
0,,年轻人不讲武德，这么早更新，还好我来了，哈哈,0,35,1,6755768240929521424
0,,哈哈哈哈哈哈,0,38,0,6755770820779778032
0,Sandm。,难道我是第一？,0,38,0,6755781560647536575
0,, 张颜齐！！,0,38,0,6755844834385752918
0,莫莫,哈哈党 : 来了来了，来看王晨艺了,0,48,17,6755690818537246655
0,Mr_dzw🐍🐱💗🐯💋💯,爱了,2,49,0,6755692974849856022
0,,每周五的快乐，看鹿晗,4,46,4,6755693605982597274
0,早九晚五。,稀饭你的不准时,1,45,5,6755693596076650282
0,, 这么多人提前守着,0,46,4,6755694459502133003
0,,准点在线,0,48,0,6755696604637314773
0,,来看鹿子,4,47,2,6755699860823322500
0,, 这么多人提前守着,0,49,5,6755700032134459605
0,,  期待晨艺,0,48,1,6755700899609821753
0,,上一期不是南南和鹿晗送外卖吗?为啥是鹿晗和陈赫,0,49,10,6755701072757715255
0,, 来啦,0,49,1,6755703062766581235
0,,期待虞书欣啦,0,46,4,6755705716742800731
0,, 勇士又输了,0,45,1,6755716100434369023
0,我爱睡午觉,来看齐齐啦！,0,47,2,6755718328641591326
0,我爱睡午觉,齐齐我来啦,0,48,4,6755718374304713394
0,,1点50分,0,45,2,6755723002241330563
0,, 来了,0,46,0,6755732706849921126
0,,鹿哥,0,47,1,6755731910233190960
0,, 这是又提前了吗,0,45,2,6755750515407569261
0,, 晨艺我来了,0,45,2,6755761172517159986
0,,来了,0,46,0,6755764299751766837
0,微笑面对明天,齐子，我来了,0,47,0,6755775274613406711
0,45切三文鱼,第一☝️,0,49,1,6755785574612219246
0,,第一,3,82,1,6755690498011705667
0,π,等着下饭呐，更新开心,3,83,23,6755691047440023368
0,, 晨艺憨憨呀,6,80,7,6755695534913287267
0,, 重庆，唉,0,80,8,6755699064948948137
0,, 终于等到你,5,84,11,6755703359836534618
0,, 张颜齐哈哈哈哈哈,2,83,9,6755707572080279990
0,,机灵鬼鹿晗,0,82,12,6755712679701659390
0,,臭屁鹿5晗,0,84,8,6755712687667614636
0,我爱睡午觉,张颜齐可太喜欢吃火锅了,0,82,7,6755718951482177284
0,废材先生不废材, 晨艺这期好像很惨啊,0,83,20,6755719596403531696
0,丹哥,先谢谢各位哥哥照顾欣欣子啦,0,84,4,6755729856181860061
0,崔崔崔,唉～呀～,0,83,2,6755734542196699201
0,,虞书欣卧来了,0,82,3,6755746538028772953
0,A蜂产品专卖，城秀童装,该死的默契,0,83,6,6755750386457578538
0,,晨艺深夜贴膜惨兮兮,0,80,13,6755750463778862188
0,,欣欣宝贝我来了！,0,83,6,6755753028356340836
0,香香,终于等到你，超哥哈哈哈哈,2,81,14,6755771650655058429
0,静雪,赫哥,0,82,0,6755772395278595689
0,, 哈哈哈哈哈哈哈哈哈哈哈哈哈哈哈哈哈哈哈,0,83,1,6755773923293863814
0,, 晨艺今天还贴膜吗,0,83,1,6755782388926104516
0,, 进度条要学会自己成长,0,80,0,6755782376187995236
0,李文诗锐,王晨艺跳舞好帅,0,81,17,6755784163753213512
0,,四川火锅啊！川菜名菜之首！,0,82,12,6755784336182070717
0,,啊啊啊啊，兰州呀,0,81,10,6755787224191053056
0,,鹿晗,0,80,0,6755801800629221658
0,,来看欣欣子,0,84,8,6755805393039068586
0,,喜欢鹿晗,0,80,1,6755828471030811767
0,,鹿鹿妈妈来看你了,0,82,2,6755854961516979216
0,,少爷！！！,0,80,0,6755854949810676727
0,峰哥, ci火锅,0,80,0,6755857223928751947
0,迷路🦌麋鹿,臭屁鹿5晗，妈妈的小宝贝,0,84,0,6756044689439732437
0,一碗银河,哈哈党 : 晨艺憨憨呀,0,82,4,6756109198817429199
0,ゝ星河。,哈哈哈哈,3,81,1,6756111878784747334
0,风萧, 哈哈哈哈哈,0,84,1,6756153420891226439
0,列缺缺, 张颜齐 哈哈哈,0,81,3,6756165608687510732
0,,鹿鹿，我们来啦,0,81,1,6756234247263157194
0,,七七可爱！！！,0,84,0,6756354563637442665
0,,重庆人为什么不贴膜,0,81,3,6757167131437549754
0,心雨,  哈哈哈,0,84,0,6759268475543726979
0,,第一第一,3,89,12,6755691803624063924
0,京师律师,哈哈党 : 晨艺宝贝好想你,3,86,28,6755693496691621886
0,,来了,6,87,1,6755693519533797408
0,勾起唇角`没心没肺的微笑,虞书欣和雷大头都很搞笑的，估计这期要笑不成样,4,85,70,6755695218491854713
0,,来啦,0,86,0,6755696806581481319
0,ikakashi,哈哈哈哈 张颜齐表情太丰富了！,0,85,26,6755697959956323074
0,ikakashi,张颜齐 哎呀啊哈哈哈哈哈哈,4,88,44,6755698573405516818
0,, 看起来好搞笑,0,87,9,6755706160419108650
0,, 鹿晗,0,85,2,6755715559674018828
0,,现实,0,87,1,6755717472932310195
0,,小虞,0,86,1,6755724193864066120
0,无聊丶,我只是个路过的,0,89,5,6755726559380218260
0,,干饭人鹿晗,0,86,10,6755732192506615207
0,, 晨艺这期好像很惨啊,0,89,7,6755751918480586344
0,⚜ི哼哼ྀ༻,我的快乐又来喽,0,85,4,6755805029296751162
0,, 王晨艺啊,0,87,5,6755817669213226040
0,A自己想.自己悟,这个节目真的不错很好看,0,88,14,6755820893772479009
0,,鹿晗哈哈哈哈哈,0,85,3,6755850606582365063
0,,哈哈哈锅底都木有,0,85,1,6755999986833935051
0,, 好帅,0,89,2,6756014123709380411
0,, 是重庆火锅！！！,0,88,3,6756102151153848755
0,, 欣欣子来了[顺利],0,88,5,6756154390077754242
0,石先森, 哈哈哈哈哈哈哈哈哈哈哈哈哈哈哈哈哈哈哈,0,88,4,6756170852565720138
0,,王晨艺哈哈哈哈哈,0,88,1,6756180794927509507
0,, 周震南,0,88,0,6756199195772131293
0,,周震南还不走,0,85,3,6756217046528362332
0,小六六,鹿晗次火锅,0,89,0,6756493494060249478
0,卖身葬ji寞, hanhan,0,89,0,6756860453244575472
0,,。,0,86,0,6759086364228562075
0,, 哈哈哈哈张颜齐,0,86,0,6759453090429550086
0,,哈哈党 : 激动,1,65,8,6755693133448101101
0,,时长感人,0,65,7,6755693627809397517
0,,哈哈哈，来啦来啦！,4,67,12,6755695516375820460
0,,哈哈党 : 鹿晗,1,69,21,6755694830832251130
0,蛋。,哈哈党 : 张颜齐 哈哈哈,5,68,26,6755696950957774286
0,ikakashi,我来了 拌饭节目！,0,65,7,6755697398379983630
0,ikakashi,[打工人22]齐齐好可爱！,0,67,10,6755697764572793939
0,,来看王晨艺啦,0,65,0,6755697354331419628
0,, 开始了,0,69,2,6755700136962716225
0,chenying,晨艺深夜贴膜惨兮兮,0,69,10,6755700531224093493
0,Chelsea,王晨艺跳舞好帅,4,66,16,6755700689889066763
0,躲晕晕,虞书欣我来啦,0,66,8,6755701273019316375
0,Luuuuuuuuuuu, 鹿哥,0,69,4,6755706400354269857
0,, 来了来了,0,66,3,6755716139747615685
0,我爱睡午觉,哈哈哈哈哈张颜齐,0,69,1,6755718699236392863
0,, 哈哈哈哈哈,0,65,2,6755723088995303293
0,,喜欢鹿晗,0,66,0,6755712610479572331
0,,来看欣欣子,0,67,3,6755723956310275604
0,Yu谜兔^,欣欣棒棒哒,0,69,0,6755725344017682584
0,,一晚上能贴多少,4,69,5,6755736144488932855
0,,张颜齐哈哈哈哈哈,0,68,5,6755740652140958519
0,,虞书欣我来了等了你十期了,0,68,7,6755746429937372145
0,, 差点以为今天是周四,0,67,4,6755750605030455118
0,Sissix🌖,张颜齐哈哈哈哈害羞了,0,69,0,6755757658672187345
0,,  欣欣我来啦！,0,65,0,6755762829245218379
0,,这个综艺没有具体的更新时间说明,0,67,3,6755768984948733297
0,,第一,0,66,0,6755777928262518437
0,筑梦家园, 857,0,68,0,6755789038034593452
0,,周五来看鹿晗,0,65,0,6755792018992543557
0,, 1,0,65,0,6755796572023803689
0,,来看王晨艺,0,67,2,6755798983434022333
0,阿飞,不错，碰运气碰对了。,0,66,1,6755809028867607879
0,,鹿鹿，我们来啦,0,68,5,6755820571508318855
0,繁华尽褪   万事皆如昔,哈哈哈哈哈哈哈哈哈,0,68,0,6755844373637956579
0,废材先生不废材, 晨艺，妈咪来看你啦,0,66,0,6755853762398986138
0,,蚌埠的小石榴来看虞书欣啦~,0,68,0,6755855718399111184
0,,哈哈第一第一 哈哈哈第一第一第一,0,68,0,6755864203447747430
0,風憶,湖人总冠军,0,66,0,6755910053582586661
0,,这一期有孔雪儿,0,67,0,6756037206844316633
0,故里,哈哈哈哈哈哈哈哈哈哈哈哈哈哈哈哈哈哈哈哈哈哈哈哈哈,0,67,1,6756046498867686008
0,π,开心,3,71,2,6755690894609326919
0,,第一,3,74,0,6755691187714326477
0,张星星,哈哈第一第一 哈哈哈第一第一第一,1,71,13,6755691660064618503
0,万千萤火, ci火锅,0,74,9,6755691952588922256
0,ZJY💜, 张颜齐哈哈哈哈哈,0,74,11,6755696343454829085
0,ikakashi,张颜齐：重庆不贴膜！哈哈哈,4,70,21,6755697847603236043
0,饿得快,哈哈党 : 来早了,1,73,13,6755700310771173655
0,,晨艺宝贝我来啦,1,72,5,6755701065460682065
0,武筅笙゛, 晨艺今天还贴膜吗,0,71,6,6755701158012502923
0,,哇,0,71,0,6755703586317379779
0,,[打工人22]齐齐好可爱！,1,74,2,6755704930495305763
0,,我来了 拌饭节目！,3,72,4,6755715506133728176
0,,晨艺深夜贴膜惨兮兮,0,74,1,6755715513248632485
0,, 进度条要学会自己成长,0,73,12,6755716716018825771
0,, 哈哈哈哈哈哈哈哈哈哈哈哈哈哈哈哈哈哈哈,0,74,3,6755713935358488940
0,,少爷！！！,0,73,4,6755709528055149699
0,,虞书欣我来啦,0,71,3,6755729550530327274
0,,来看欣欣子,0,73,4,6755729559687512246
0,沦陷芭比伦,喜欢鹿晗,0,72,6,6755733740569741055
0,, 鹿哥爱你,0,70,15,6755733676089686520
0,🇨🇳,张颜齐哈哈哈哈害羞了,0,72,0,6755734272524882068
0,,王晨艺跳舞好帅,0,72,3,6755769122967495297
0,,鹿晗来啦,0,70,1,6755779419361702061
0,,为了欣欣而来！,0,72,3,6755799463882142017
0,,来了,0,71,0,6755816017772083792
0,, 来咯来咯,0,72,2,6755817044147993537
0,杨子爵, 来了,0,74,0,6755817364090497619
0,CiCi,鹿晗,0,74,2,6755817682278788251
0,如果有如果,赫赫啊,0,72,0,6755821655361613861
0,, 鹿子,0,70,2,6756058897188063409
0,溜溜, 4k都没用,0,71,6,6756056021737131782
0,莲莲, 我爱鹿晗,0,71,3,6756047368174635423
0,, 我就是爹,0,70,1,6756416231215440016
0,,晨艺跳舞太帅了,0,73,1,6757308902439849826
0,叶二熊,哈哈党 : 晨艺憨憨呀,3,76,22,6755693292667730290
0,,哈哈党 : 终于等到你,1,79,22,6755693194609096964
0,,机灵鬼鹿晗,0,76,4,6755694675164852261
0,,虞书欣：哈哈哈,1,78,7,6755696378552718027
0,, 张颜齐哈哈哈哈哈,1,78,16,6755704946433696512
0,, 张颜齐 哈哈哈,1,75,19,6755704935595313722
0,,臭屁鹿5晗，妈妈的小宝贝,0,79,17,6755705836153616909
0,,臭屁鹿5晗,0,76,5,6755705711013338515
0,Luuuuuuuuuuu,哈哈党 : 鹿晗,1,75,7,6755706426796526679
0,,鹿鹿妈妈来看你了,6,77,24,6755705755169649700
0,,齐齐,0,79,0,6755702639637763278
0,, 鹿晗,0,79,6,6755712665693390300
0,, 鹿哥,0,78,1,6755715532121977246
0,, 开始了,0,76,0,6755715521593932741
0,, 王晨艺舞蹈好可,0,78,4,6755723633752526843
0,🇨🇳, 进度条要学会自己成长,0,77,13,6755734295441587553
0,,鹿晗哈哈哈哈哈,0,75,4,6755732093478832137
0,,虞书欣！！！,0,75,5,6755752935645786465
0,,开心 来看欣欣,0,78,0,6755752977895986521
0,静雪,陈赫,0,78,0,6755772323812844025
0,鹭鹭, 开心开心又可以看鹿晗了,0,77,5,6755778371964662977
0,, 虞书欣,0,76,2,6755785488687366005
0,,张颜齐,2,79,4,6755789016542987687
0,,我大兰州,0,77,3,6755789795228109306
0,, 来早了,0,79,1,6755790905614203759
0,, 会员才能看？,0,75,0,6755797796986059661
0,, 张颜齐,0,79,0,6755800139929160741
0,,来了来了,0,79,0,6755805929674389847
0,,不清楚啊,0,77,0,6755824562852789912
0,Ljx., 哈哈,0,78,0,6755827400795737281
0,树叶之上,！！！！,0,78,1,6755835561480058053
0,浩坤,带红帽子的是关晓彤吗？,0,75,1,6755862980760630037
0,, 鹿哥爱你,0,76,0,6755867057298014513
0,,好家伙齐齐这撒娇谁受得住,0,75,0,6755870515862640305
0,,哈哈哈,0,77,0,6755912633440258194
0,,七七可爱！！！,0,77,2,6756032075703795664
0,,不错，碰运气碰对了。,0,75,0,6756267167201819730
0,希望,来看欣欣了,0,76,0,6757601665692660253
0,京师律师,哈哈党 : 晨艺今天还贴膜吗,3,64,33,6755693402361362931
0,想暴富的田小田,恋爱flag : biubiubiu,6,62,13,6755693411233367821
0,,刚刚车上的小姑娘是虞书欣嘛,1,61,27,6755696699105636528
0,,欣欣,0,62,1,6755700423341405151
0,,来啦啦啦啦啦啦,4,63,7,6755707933721865289
0,到底是西瓜还是哈密瓜,我考完试啦啊啊啊啊啊啊啊啊啊啊啊,0,64,11,6755701627316370051
0,,欣欣子,6,62,3,6755714971691317344
0,,看个预告变成正片了,2,60,7,6755723069882879221
0,,鹿哥,0,62,0,6755712594431113466
0,官方发言人,来了他来了 他骑着大骆驼来了,0,62,9,6755724748896323041
0,Yu谜兔^,下面我要安静的看欣欣了,0,64,2,6755725299973296218
0,,划拳来真的,4,61,3,6755736045212594588
0,,送外卖那个，笑死我了,4,64,0,6755736093493590267
0,💓m捧一手星星h.,为了欣欣而来！,0,64,2,6755731288909971131
0,阿C酱呀,来看欣欣啦,0,62,3,6755744465824497900
0,,鹿晗来啦,0,60,3,6755747741202621630
0,,晨艺跳舞太帅了,0,63,7,6755751807458680614
0,,兰州啊！！！,0,61,2,6755754755999866528
0,,来看欣欣了,0,61,6,6755762812132458036
0,, 听说晨艺学坏了，我来看看,0,62,3,6755769079753581135
0,, 晨艺跳舞了,0,63,3,6755769087403690738
0,, 哈哈哈哈哈。开心,0,64,0,6755770199149394160
0,, 来啦,0,60,0,6755773993573657210
0,,啊，鹿子，来了来了,0,63,1,6755779393780987648
0,陈小林, [6周年]666,0,62,1,6755793798342838119
0,,好家伙齐齐这撒娇谁受得住,0,64,5,6755796861489187075
0,,了,0,64,0,6755798776474174502
0,,这期有虞书欣 那我来啦,0,60,3,6755799414359994615
0,,！！,0,60,1,6755812580167716545
0,, 晨艺我来了,0,63,0,6755867004655609533
0,Re.,哈哈党 : 第一条？,3,101,24,6755690326778903604
0,,鹿晗,3,103,0,6755691830831494949
0,城南,这个不准时我太爱了,4,102,4,6755692841101936710
0,,第一？ 11.41？,0,102,5,6755692856938626366
0,蓝色气球柠檬夏﹌　　　　,哈哈党 : 王晨艺上期贴膜真的好惨[笑哭23],1,100,33,6755693160581070455
0,, 这么久啊,0,103,13,6755696709558801534
0,, 感觉有诈哈哈哈,0,103,11,6755697036080908504
0,, 我是第一哎,0,103,3,6755696480503399918
0,, 就知道节目组的套路,0,103,3,6755697254499555163
0,Chelsea,王晨艺吃辣还会哭吗,0,102,2,6755700838477797969
0,,准时,0,100,0,6755703581500961749
0,,虞书欣来了 估计会很搞笑,0,101,14,6755707143422680049
0,,大头大头,0,103,1,6755708537974268320
0,,兰州人报道,4,104,18,6755708599357915273
0,,来了,0,102,1,6755701496282102030
0,,来看鹿哥啦,0,101,2,6755712761025032232
0,海, 来了来了,0,101,4,6755717064985921706
0,gk, 哈哈哈哈哈,0,101,2,6755718655864412695
0,,哈哈哈,0,101,2,6755719736915588545
0,,哈哈哈哈 张颜齐表情太丰富了！,0,102,3,6755723273607248647
0,,  张颜齐,0,103,2,6755723543532734715
0,,虞书欣和雷大头都很搞笑的，估计这期要笑不成样,6,100,25,6755709248299266736
0,丹哥,虞大头和雷大头兄妹来了笑死我,0,100,8,6755730016086465030
0,,陈赫，来了,0,100,4,6755746545204215742
0,, 简直是真的是太好看了,0,103,0,6755746661335759461
0,远琴,张颜齐 哎呀啊哈哈哈哈哈哈,0,102,4,6755760830965906567
0,东龙,老邓头😉,0,101,0,6755699174344768540
0,,超哥,0,104,1,6755767612019821063
0,,晨艺来啦,0,101,1,6755769241124222003
0,,这期希望多点晨艺，想看！,0,104,13,6755769250918941277
0,,张颜齐可太喜欢吃火锅了,0,100,0,6755771369863541077
0,deer,机灵鬼鹿晗,0,102,3,6755774179573268282
0,,干饭人鹿晗,0,102,1,6755775008876244866
0,, 火,0,100,0,6755778063109705351
0,,臭屁鹿5晗，妈妈的小宝贝,0,100,2,6755779507263096283
0,, 来了 来了,0,104,8,6755781139890370867
0,,欣欣子,0,104,5,6755790184827254707
0,,假的兰州人来报道,0,104,3,6755823235359765439
0,〆小情绪.,兰州的有吗,0,104,0,6755866280542541252
0,,兰州。兰州,0,104,2,6755887095157868525
0,,第一第一了太准时了,3,94,41,6755692451726554479
0,,陈赫，来了,3,93,8,6755693986695377522
0,咕噜呼噜,来啦,1,90,0,6755695320946427027
0,,虞书欣和雷大头都很搞笑的，估计这期要笑不成样,0,90,49,6755696417135855013
0,晶晶,王晨艺真的好有礼貌啊，喜欢有礼貌的人,0,90,20,6755696831252384937
0,东龙,超超,1,91,3,6755699033931708023
0,,哈哈哈哈 张颜齐表情太丰富了！,0,94,11,6755702705579293515
0,,竟然来我们重庆了😂😄😄😄👍👍👍💋,0,90,7,6755702984127217348
0,,张颜齐 哎呀啊哈哈哈哈哈哈,1,92,12,6755705059424059613
0,,哈哈哈哈,3,92,12,6755707945485531325
0,微风晰曦,鹿哥,1,93,1,6755717287509507344
0,,期待齐齐,1,93,17,6755719327678711396
0,, 张颜齐哈哈哈哈哈,0,91,13,6755728687690694230
0,小贾有城堡.,机灵鬼鹿晗,0,93,6,6755735323198071115
0,,兰州兰州,0,92,16,6755748087622772332
0,,王晨艺！！！,0,91,11,6755756423205368824
0,远琴,张颜齐可太喜欢吃火锅了,0,92,4,6755760789139944604
0,清心回意, 晨艺这期好像很惨啊,0,91,2,6755764973168952974
0,, 晨艺宝贝好想你,0,90,12,6755769200826324941
0,, 鹿晗,0,90,2,6755774958234218309
0,,臭屁鹿5晗,0,94,5,6755779483618802270
0,,鹿晗来了,0,91,13,6755789968025037752
0,, 套路,0,90,3,6755809947620146791
0,,哈哈党 : 晨艺宝贝好想你,0,93,12,6755812813790758786
0,嗯额,饭非常好的综艺节目，非常喜欢。,0,90,5,6755814755594083232
0,小佳探案社💭,来看小🐟,0,94,7,6755856586473240364
0,Lucky,妈呀，又看到我南宝宝了,0,94,10,6755895652224529363
0,威,王晨艺跳舞好帅,0,91,9,6755940171078890499
0,抚剑丶凤凰,十年没有怎么玩游戏了,0,94,7,6755889821349590140
0,,77我来啦,0,93,6,6756041758662443478
0,李安峻, 哈哈哈哈哈哈哈哈哈哈,0,93,3,6756064364383945143
0,,天气好冷啊，赶紧来看哈哈哈哈哈笑笑吧,0,91,2,6756102439428363174
0,,来兰州？,4,91,6,6756145999803250526
0,, 小黄黄我是大张张[鸡腿],0,94,0,6756170773171471447
0,,鹿晗,0,93,1,6756442875211477498
0,小六六,臭屁鹿5晗，妈妈的小宝贝,0,94,0,6756493515632608075
0,,鹿晗次火锅,0,92,2,6756734558924117542
0,,[打工人22]来啦，来看晨艺啦,0,92,2,6757204027227274130
0,,周震南还这么活跃,0,92,0,6757449792177547812
0,,真好 下饭菜有了,6,112,10,6755690531414801686
0,.,想多了    ,4,111,17,6755690586533468098
0,,我来了,1,110,6,6755692221400889585
0,,第一？？,0,110,3,6755692321893195595
0,蜡笔木有小新_,下饭综艺,0,112,5,6755692380197945938
0,◡̈⃝ 邵珠琳,快乐源泉,0,112,1,6755697411307840113
0,,  [鸡腿][鸡腿][鸡腿][鸡腿][鸡腿]太棒了,0,112,16,6755697679634252055
0,, 老鹿多吃点,0,110,6,6755700414596975008
0,Elsa.l,哈哈党 : 鹿哥,3,114,13,6755700691396182313
0,躲晕晕,有虞书欣吗这一期姐妹们,0,114,9,6755701555997419744
0,,我大兰州,0,110,1,6755703074535798296
0,, 张颜齐真不错,0,111,11,6755704784482218687
0,夸夸夸我,晨艺加油💪,0,112,3,6755707056499658104
0,, 哈哈哈哈哈,0,114,2,6755704097668790224
0,,鹿晗下一次再见,0,114,1,6755703752051072864
0,,屏幕前的观众朋友们，嗨起来！～,0,110,7,6755702815957915400
0,林夕,加油，王晨艺！,0,111,10,6755707849037856094
0,, 更新了好开心,0,114,3,6755702421893693006
0,,  兄弟们出发啦！！！！！！！,3,113,17,6755715115955455494
0,gk, 好快乐,0,112,3,6755718701167125424
0,,哈哈哈哈哈我来了,0,110,5,6755719713607841183
0,,我才是第一☝️,4,111,4,6755721359949021876
0,, 感觉有诈哈哈哈,0,111,2,6755715108816060359
0,,第一第一,0,110,0,6755723279971325278
0,,期待了好久 终于见到欣欣了,0,112,1,6755724524642662789
0,,冯文真冯文真冯文真,0,112,0,6755710392085969445
0,娟儿,虞书欣 我来了,0,113,8,6755710330422668677
0,,兰州人报道,0,110,3,6755726187914866883
0,🇨🇳,哈哈党 : 前面那个，还好我没放弃,0,111,3,6755734435519730042
0,, 希望你也在看,0,111,1,6755745040242776844
0,,虞书欣就是那个哇 哦双马尾那个可爱女孩吗？,0,114,4,6755746799937892291
0,, 哈哈哈哈哈哈啊哈,3,111,0,6755749158319540773
0,, 老鹿多吃点,3,114,0,6755749170176830491
0,,鹿晗,0,113,1,6755761063099644759
0,deer,来看鹿哥啦,0,114,0,6755774231969203243
0,,终于等来了兰州,0,113,0,6755814025331935573
0,,盼星星盼月亮终于等来了兰州,0,113,9,6755823381511610163
0,, 我蹲到了？,0,113,0,6755833223911558605
0,just love baby jing❤,晨艺游戏机呢,0,113,2,6755834171639666942
0,,来了,0,113,0,6755834784397164086
0,,有,2,118,0,6755690950011587615
0,,啦啦啦啦,2,115,6,6755692200652686704
0,, 啦啦啦啦啦,0,115,4,6755693347828379118
0,,哈哈党 : 来我大兰州了啊,3,118,21,6755693609333846176
0,心,哈哈党 : [6周年]来了来了,1,116,26,6755695373554579824
0,, 来了,0,118,1,6755694919182434969
0,,下饭综艺来啦,5,117,12,6755697694187126713
0,,等于到你,0,115,0,6755698733683820189
0,,都这么早？,1,119,8,6755698767912532771
0,chenying,王晨艺好帅,0,117,14,6755700790390145446
0,Chelsea,王晨艺这期是不是还很惨,0,119,15,6755700911705192092
0,,重庆人报道,0,116,4,6755703174172183737
0,,  [鸡腿][鸡腿][鸡腿][鸡腿][鸡腿]太棒了,0,115,4,6755704499969994886
0,汤汤, 哈哈哈哈哈,0,118,3,6755708048725494658
0,, 来了来了,0,117,2,6755713908470170642
0,, 哈哈,0,117,0,6755719002078083246
0,废材先生不废材, 晨艺这期赚了不少钱吧,0,115,2,6755719730113745014
0,,好想去看呐,0,117,1,6755723319921805196
0,, 我在兰州hh,0,118,2,6755711852765280766
0,花满渚,欣欣仔来啦,0,117,1,6755734424438378858
0,。。,表白邹邹,0,118,2,6755734506847092370
0,🇨🇳, 张颜齐真不错,0,115,1,6755734451788118130
0,,兰州兰州兰州,5,117,5,6755738263886508801
0,十二,齐齐我来啦,0,119,6,6755742714325048924
0,,这期希望多点晨艺，想看！,0,115,1,6755745182568130346
0,, 书欣书欣~[加油],0,119,6,6755748865023079948
0,●簡簡單單,在周五的下午聚在哈哈哈哈哈找点不一样的欢乐,0,118,4,6755750530472507104
0,, 来兰州啦,0,115,0,6755753767448284733
0,, 鹿哥,0,119,1,6755779591764736759
0,！, 张颜齐,0,118,3,6755786031934937899
0,　　　        ,找个人聊天,0,119,1,6755797529909557784
0,👑 지드래곤 &VIP,来了 每期最开心的就是追哈哈哈哈哈,0,116,1,6755828002581884867
0,,鹿鹿,0,119,0,6755828635618784828
0,,鹿鹿子妈妈来啦,0,119,0,6755844300275385155
0,一米小可爱,兰州欢迎你,0,116,1,6755855051441863183
0,,第一？ 11.41？,6,99,32,6755690413874990597
0,,这个不准时我太爱了,3,96,22,6755690827198472956
0,,等着下饭呐，更新开心,0,99,16,6755693286146951741
0,JOE丶,来了来了,1,97,11,6755695533845104065
0,,下饭下饭,0,96,12,6755696701475405664
0,,第一第一,2,98,12,6755696922230720584
0,,晨艺来啦,0,96,6,6755697569336596726
0,小懒猪,兰州人报道,0,99,26,6755697561219658988
0,东龙,超哥,1,95,4,6755699070971606712
0,躲晕晕,虞书欣来了 估计会很搞笑,0,96,10,6755701433045592091
0,,哈哈哈哈哈我来了,2,97,9,6755701008259065299
0,至安,来看鹿哥啦,0,96,6,6755701957060923482
0,林夕,这期希望多点晨艺，想看！,0,97,18,6755707685136692919
0,,兰州，我的意难平,0,99,13,6755722687454628541
0,, 王晨艺贴膜小能手,0,96,1,6755723686952765890
0,,欣欣子欣欣子,0,99,2,6755724306282639580
0,,啊啊啊居然兰州了,0,99,3,6755746371024130631
0,,干饭人鹿晗,3,97,4,6755749101029229801
0,, 晨艺憨憨呀,0,96,4,6755751949543601809
0,星羽—恋,兰州。兰州,0,97,4,6755767725256638144
0,,还有3X倍速啊,0,95,13,6755789276275263249
0,, 77，晨艺,0,98,5,6755798576497441776
0,,张颜齐俺来辽！,0,97,1,6755803249182437914
0,, 王晨艺好帅,0,97,1,6755817709230387374
0,嗯额,为邓超打可,0,97,1,6755814918685443942
0,妍妍,晨艺,0,95,2,6755822044748201818
0,浅冬, [6周年][6周年][6周年]。,0,98,2,6755822414198930710
0,,兰州我来啦 哈哈队去=我去,0,95,6,6755823161829784701
0,我得支棱起来, 哈哈哈哈哈,0,96,0,6756016307117950644
0,,该死的默契,0,95,1,6756037820939433481
0,飝,我的快乐又来喽,0,95,1,6756050733360510317
0,晨翌, 虞书欣我来了,0,95,0,6756081520885643902
0,Kin Saruair,为什么会有姓虞的啊,0,95,2,6756088713950206466
0,Re.,哈哈党 : 我蹲到了？,3,107,14,6755690352734574261
0,,哈哈党 : 前面那个，还好我没放弃,1,106,14,6755693306748370734
0,,屏幕前的观众朋友们，嗨起来！～,3,105,28,6755695334338796969
0,,来了来了,0,106,5,6755695651418814902
0,,赫赫我来了,0,106,1,6755695964011920579
0,,  兄弟们出发啦！！！！！！！,0,105,13,6755697593432873238
0,,好想去看呐,2,109,12,6755703084262389296
0,,哈哈哈哈哈我来了,0,105,5,6755702796268892874
0,,等着下饭呐，更新开心,3,108,15,6755715096771013948
0,与你无关？, 哈哈哈哈哈哈啊哈,0,106,0,6755718072701013753
0,,虞书欣游戏黑洞我来看你了,0,105,7,6755714610024871418
0,,我家欣欣子,0,106,1,6755724374041983126
0,,  虞书欣会很搞笑,0,107,9,6755709315942128936
0,,呀，兰州，我老家,0,105,9,6755733043790980369
0,,终于等来了兰州,0,108,14,6755730753826826352
0,,来我大兰州✌🏻️✌🏻️✌🏻️✌🏻️,0,108,9,6755738057045429890
0,麋鹿,大头快来,0,107,3,6755738961411864662
0,🉐,太爱哈哈哈哈哈了,0,106,1,6755746468414897994
0,, 哈哈哈哈哈,0,109,5,6755747271176031019
0,,听说王晨艺这期很惨,0,105,3,6755756582337973517
0,,鹿哥,0,105,2,6755775018132075386
0,,兰州欢迎你们,0,108,5,6755778748562472324
0,大羽,去兰州了，我老丈人家,0,105,2,6755784236579933504
0,, 兰州了吗,0,107,0,6755788201416750794
0,  葛鲁多罗杰,板凳,3,122,1,6755691278115520941
0,　,第一,6,123,0,6755691327310469825
0,北悸安凉, 又不守时,0,122,7,6755692924816043015
0,颜七思睿, 张颜齐玩的开心啊,0,122,6,6755693662303698813
0,,不守时！！！,2,124,8,6755694666630800494
0,, 来了来了,0,124,3,6755697014081784000
0,,现在只有这个综艺好看了,2,122,33,6755701116294952894
0,,真好 下饭菜有了,3,121,20,6755703043347913099
0,,虞书欣我来啦,0,121,4,6755703356851209193
0,陈宇琼,欣欣妈妈来啦,0,124,3,6755703337188304605
0,,鹿鹿子,0,121,2,6755705454060910422
0,, 下饭综艺,0,123,26,6755702458208988678
0,,来了来了,0,122,2,6755709825570061230
0,,现在是下午一点,0,123,3,6755710368917998778
0,,屏幕前的观众朋友们，嗨起来！～,3,120,8,6755715137953873694
0,,下饭综艺,0,124,10,6755715152400075867
0,废材先生不废材, 晨艺好可爱,0,124,2,6755719764686437727
0,快乐才幸福, hhhhhh,0,123,2,6755715306191597622
0,,好喜欢王晨艺,0,124,10,6755722049417103027
0,,一周的快乐源泉来了,0,122,1,6755722587261047172
0,, 王晨艺感觉成长了好多,0,124,4,6755723762110765073
0,,虞书欣真不错,0,122,0,6755724614619831493
0,,有虞书欣吗这一期姐妹们,6,123,5,6755709378725689527
0,,虞书欣 我来了,0,124,5,6755728139030604271
0,,看陈赫的,0,121,5,6755733199621964813
0,🇨🇳,下饭综艺来啦,0,120,1,6755734476841058295
0,,打卡,0,121,0,6755737750956700112
0,,虞书欣,0,123,1,6755744697001908476
0,,超哥来了,0,122,1,6755759540269153926
0,, 鹿鹿子~,0,120,4,6755766238115804426
0,欢乐马, 好快乐,1,121,1,6755773132074840424
0,hipsterism🌝,雷佳音来了,0,121,3,6755778150577713034
0,🌥, 兰州人在线观看,0,123,2,6755786021628211779
0,🌸陪你看日出^_^🌞,来了，来了，就等着更新,0,120,4,6755801059047276189
0,, 兰州人路过,0,120,2,6755804707371327817
0,,吃拉面的嘛,0,120,1,6755807292315694773
0,,重庆人报道,0,120,0,6755812984221105694
0,,哈哈哈哈哈哈,0,120,1,6755823649698626655
0,, 兰州兰州,0,123,0,6755827817951818625
0,, [6周年]来了来了,0,121,0,6755843218757323291
0,,哈哈哈哈哈11点41打卡,2,140,18,6755690531012148500
0,柚稚,虞书欣妈妈爱你😘,1,143,10,6755691896803357439
0,,张颜齐,4,141,3,6755693700749396046
0,马婧Jing,来看虞书欣啦,5,144,25,6755696005519755319
0,,雷加音,0,140,4,6755696100737842564
0,,哈哈党 : 鹿鹿,1,142,18,6755696167554100291
0,, 跟着上次路透热搜来看看,0,140,7,6755696400568659292
0,, 我爱虞书欣,0,142,14,6755696629724458621
0,,来了来了，鹿哥在兰州的时候我在北京,0,144,16,6755696031528587543
0,,哈哈哈哈哈,0,141,3,6755696915280758846
0,,雷佳音和虞书欣又一起上综艺啦，我估计得笑死,0,141,11,6755698242315547237
0,,虞书欣哈哈哈哈哈,0,143,22,6755698464329502662
0,东龙,小超,0,140,0,6755699390213984850
0,,欣欣子我来了哈哈哈哈哈,0,144,8,6755699411680432755
0,,。,0,143,1,6755701044664612511
0,娜小妞。,虞书欣来咯,0,140,3,6755701157861199305
0,,鹿鹿子来了,0,140,3,6755703399721183078
0,,天 着期有虞书欣了吗 哇哦,0,140,4,6755705207062196261
0,,就喜欢不守时来看虞书欣了,0,141,1,6755707449681410788
0,,虞书欣来看你挖百合了，听说你有天分哈哈哈哈哈,0,143,8,6755707457257318584
0,,我会一直追邓超，陈赫，鹿晗，天霸动霸,0,140,6,6755708219772399962
0,,1,0,143,0,6755716576949282506
0,废材先生不废材, 晨艺也太可爱了哈哈哈哈哈,0,142,13,6755719841019570861
0,,哈哈哈哈哈哈哈哈哈哈,0,143,5,6755719998763150238
0,,来看虞书欣挖百合啦,6,144,7,6755715252186762492
0,,虞书欣来啦,0,141,17,6755708731616860448
0,,来看鹿哥,0,142,2,6755732424866862814
0,🍬,  欣欣 妈妈来啦～,0,143,5,6755743839312611445
0,,吃着外卖看这综艺，哈哈哈哈哈,0,141,4,6755748345990887720
0,,虞书欣我来啦,0,142,2,6755758894417640193
0,,现在只有这个综艺好看了,0,142,6,6755765327252097122
0,荏苒, 谁说我好帅？,0,141,1,6755782459855971521
0,, 欣欣,0,141,0,6755785765403731380
0,,?,0,144,0,6755791271135214941
0,, 我爱你乐昌的李佳,0,143,3,6755806137648954039
0,,每次听到我鹿的魔性笑声，我都要跟着一起笑半天哈哈哈,0,144,3,6755807554615577425
0,,山海情 好电影。不够看 来看综艺了,0,144,1,6755813789972067312
0,, 鹿晗哈哈哈哈,0,144,0,6755829953535867997
0,小山昱。,来了狼来了,0,142,1,6755837947741932658
0,鲍米花先森, 来兰州了？欢迎啊！可惜没人带你们吃最正宗的,0,142,1,6755843697972277374
0,,鹿 我来了,5,133,19,6755691561959831010
0,,鹿鹿子来了,4,131,20,6755691588002264577
0,,我家在兰州,0,133,7,6755694219437306780
0,"Cr1stiNe,💋",欣欣子,4,130,9,6755694495363790105
0,,看到虞书欣了,0,130,14,6755694753875506451
0,,就喜欢不守时来看虞书欣了,0,131,21,6755696790466972791
0,,哈哈哈哈,0,131,2,6755696583472511455
0,,雷佳音和虞书欣又一起上综艺啦，我估计得笑死,0,133,26,6755697094050649737
0,盛夏之岚,虞书欣好搞笑的,0,130,23,6755697395226577562
0,,虞书欣 妈妈来啦,0,133,2,6755697717747892555
0,,哈哈哈哈哈哈哈虞书欣要来了吗,0,130,3,6755705050602419352
0,, 张颜齐玩的开心啊,1,133,1,6755705168954071491
0,,第一,2,134,1,6755706032489999027
0,,来看欣子了,0,131,0,6755707258992575666
0,,虞书欣我来啦,0,131,4,6755707422209678938
0,,董子健！！！,4,132,21,6755707657787000853
0,, 哈哈哈哈哈哈哈哈哈哈哈哈,0,130,9,6755702486482752381
0,,我大兰州,0,133,4,6755713669234098110
0,快乐才幸福, 哈哈哈,0,133,1,6755715349683046305
0,成长, 来了来了,0,133,3,6755717321646964300
0,,这不是虞书欣嘛哈哈哈哈哈哈,1,132,21,6755719802637494900
0,,鹿鹿子,0,130,7,6755715109131322871
0,,下饭综艺,0,131,2,6755722134472029233
0,,宝贝我来啦,0,132,5,6755722749467100221
0,,现在只有这个综艺好看了,0,134,78,6755709605651138405
0,,欣欣挖百合啦,6,130,5,6755709508154541753
0,, 终于有大西北了,0,130,2,6755750381335622660
0,,下饭综艺来啦,1,134,12,6755751965709501628
0,,兰州兰州兰州兰州中山桥,0,134,11,6755756417736707105
0,,虞书欣哇偶,0,132,3,6755758062419772701
0,,有虞书欣吗这一期姐妹们,0,131,1,6755759257427616123
0,,来啦来啦,0,131,0,6755777901129831313
0,, 鹿鹿  ~~~~~~~~~~,0,134,2,6755782493643927577
0,,欣欣老公好帅,0,132,0,6755806413102492681
0,,来看虞书欣挖百合,5,132,1,6755808390677722040
0,, 兰州西固报道,0,134,2,6755816425984038859
0,GL,1,0,134,0,6755825575786909994
0,,虞书欣哈哈哈哈哈哈哈,0,134,0,6755830728686544488
0,,甘肃定西人在线观看,0,132,2,6755849350573919690
0,,没有成都？,0,132,1,6755888109525126256
0,.,我都慢了一步,4,128,11,6755690657433717475
0,,哈哈哈哈,3,129,12,6755692563942015798
0,小虞小虞,虞书欣 妈妈来啦,0,128,18,6755695904503135310
0,,来看欣子了,1,126,16,6755696488295710278
0,,这不是虞书欣嘛哈哈哈哈哈哈,0,126,16,6755698344354575087
0,TNT BOOM,来看虞书欣挖百合,1,127,16,6755698311870052570
0,,虞书欣哈哈哈哈哈哈哈,0,128,14,6755698375326371677
0,陈宇琼,欣欣老公好帅,5,125,22,6755703407862327160
0,,来了,0,129,0,6755703527419967922
0,Lucinda,我大兰州,0,127,11,6755703770006888339
0,知己→自己№,下饭的来了,0,129,9,6755706985183213325
0,, 哈哈哈哈哈,0,129,2,6755702383743315343
0,, 来我大兰州了啊,0,127,6,6755713650833686424
0,, 5哈 成功变成一档吃喝玩乐的综艺 不是打工人了,0,128,12,6755715499616831614
0,,[旅行团][笑哭23]哈哈哈哈哈,0,127,2,6755728892164033814
0,丹哥,哈哈哈哈哈虞傻大头来了，咋这么搞笑,0,125,15,6755730216389647124
0,🇨🇳, 张颜齐玩的开心啊,0,125,7,6755734496966323417
0,, 鹿鹿  ~~~~~~~~~~,0,129,3,6755736034996626786
0,,王晨艺这期是不是还很惨,0,127,5,6755744830837990716
0,Mi Manchi,齐齐我来啦,0,126,3,6755749948224378209
0,,董子健看上去感觉才18，好年轻的样子！,0,126,3,6755756840476714213
0,七友,我爱你,0,127,0,6755769936019386798
0,, 张颜齐大帅哥,0,128,2,6755805968782786904
0,, 书欣书欣~[加油],5,127,3,6755808367618803984
0,,雷子来了,4,127,1,6755811354302983864
0,安于欢喜,等着兰州诶,0,125,1,6755811449919174917
0,紫金王朝.,终于更新了,0,129,0,6755817319256587735
0,, 五哈很下饭[加油],0,129,2,6755818769445583107
0,蓝雨桐, 哈哈哈哈哈,4,126,0,6755820223997657278
0,,王晨艺好帅,0,125,3,6755807141401436418
0,, 兰州人民准时打卡，哈哈哈哈哈,0,125,2,6755832743671824633
0,  小公主 , 鹿鹿子~,0,128,0,6755835633727947452
0,,什么时候来广州,0,125,1,6755862012157767759
0,,鹿晗,0,129,0,6756072423767077422
0,,虞书欣啊啊啊啊啊啊,0,125,0,6756170920727086479
0,,哈哈党 : 我爱虞书欣,4,137,35,6755690690044431106
0,,啦啦啦啦,2,138,3,6755692021576564914
0,,张颜齐,3,136,10,6755692606177950359
0,聂,山海情 好电影。不够看 来看综艺了,0,136,21,6755693325518883448
0,,终于更新了,1,139,22,6755694064542666285
0,榨汁机,欣欣,0,136,0,6755696262482425911
0,H,我来了打卡打卡,0,137,5,6755696791603621713
0,,不准时，爱了,0,139,3,6755696713283390469
0,,董子健 我来啦啦啦啦啦啦啦,3,135,14,6755698616670124640
0,,欣欣我来了,0,137,10,6755698581681240629
0,,虞书欣,0,136,4,6755698579172684829
0,,鹿晗哥哥的魔性笑声哈哈哈哈,0,139,24,6755699581105195793
0,, 看到董子健就想到他初恋喜欢鹿晗[厉害],0,139,35,6755700688265871111
0,,虞书欣来看你挖百合了，听说你有天分哈哈哈哈哈,0,135,30,6755701004253504974
0,,哈哈哈哈哈哈哈哈哈哈,0,138,2,6755704921964138455
0,Arthur🍂,下饭菜终于来了。,2,137,2,6755705710106409456
0,, 张颜齐哈哈哈,0,137,2,6755706000726534769
0,陌,下饭的来了,0,137,0,6755720427763953987
0,,[厉害][厉害][厉害]，,4,138,0,6755721531109177316
0,,看到我家欣欣了,0,135,5,6755724718515976837
0,, 鹿晗哈哈哈哈,0,138,9,6755736853733157334
0,, 哈哈哈哈哈,0,137,0,6755737120667017192
0,,我大兰州啊，电视上看家,0,139,4,6755737340876096759
0,୯头发分叉儿୬,先提前发，我爱鹿宝宝,0,139,2,6755748810548511553
0,,一周的快乐源泉来了,0,136,7,6755754845598588708
0,是个黑王子,啦啦啦啦啦啦啦,0,135,2,6755762937190878394
0,giao., 我来啦,0,136,0,6755764255594134280
0,手揣兜兜—看情侣分手,[旅行团]来了,0,135,1,6755771975987613645
0,,鹿晗，来兰州啦,0,138,0,6755778955527261089
0,,吃饭看不怕噎到吗,0,136,1,6755782176853396306
0,天亮º说晚安, ..,0,136,0,6755782608677272104
0,,我终于到兰州了,0,135,3,6755784106451338478
0,,来看鹿鹿,0,135,0,6755787305605689855
0,,来了,0,138,0,6755791453881399423
0,fgko, 哈哈哈哈哈哈哈哈哈哈哈哈,0,135,2,6755797183725246381
0,,看陈赫的,0,138,0,6755798143570477173
0,,终于等到兰州了,0,138,0,6755807480040159189
0,., 腾讯的不准时 还是可以的,4,145,28,6755690726848396771
0,,北外校草,3,146,10,6755692416625781235
0,蓝色气球柠檬夏﹌　　　　,哈哈党 : 王晨艺王晨艺王晨艺,1,149,24,6755693295587311032
0,,终于更新了 来看虞书欣啦,0,145,13,6755694098339361536
0,,我爱你鹿晗,0,145,12,6755695022105096704
0,小鬼过来抱。,第一呀,0,145,1,6755697040132918725
0,,[打卡]虞书欣宝贝我来啦,0,146,13,6755698378073906462
0,,看🐟宝挖百合了哈哈哈哈哈,0,149,7,6755698291888371626
0,,虞书欣能不能不要,0,149,39,6755703522675848009
0,,虞书欣,2,147,10,6755705130517469568
0,,鹿晗,0,147,0,6755704577653675419
0,良辰十三💎,来了来了，站席,0,149,1,6755702889228259174
0,, 每期都看，太好看了,0,146,8,6755702264696392148
0,, 来看鹿哥,0,149,4,6755708244876316063
0,,鹿晗哥哥的魔性笑声哈哈哈哈,0,147,19,6755720179179780206
0,慢慢喜欢, 看到董子健就想到他初恋喜欢鹿晗[厉害],1,148,43,6755721465779692667
0,,欣欣子,0,145,1,6755722950130298950
0,,[厉害][厉害][厉害]，,0,146,0,6755723428209294305
0,,期待虞书欣就完事了,0,149,2,6755724902638536392
0,,来看齐齐了,6,168,20,6755691232446919773
0,,哈哈党 : 我在看,2,167,26,6755691361053680931
0,,哈哈党 : 预告点进来直接正片,1,165,21,6755691346948236559
0,,鹿哥又帅了,0,168,17,6755691577243874806
0,,来了,0,165,0,6755692505665649182
0,小夥.,打卡,1,166,1,6755692426107745623
0,,就喜欢你的不准时,0,168,2,6755692724033353396
0,,冲冲冲,0,166,7,6755693383945225964
0,1,边吃饭边看在Office,0,166,20,6755693419843583905
0,,哈哈党 : 竟然有虞书欣？有点期待了哈哈,1,169,59,6755693887194597703
0,,来哈哈哈哈哈了,0,169,7,6755694158649258824
0,,虞书欣我来了～,0,169,5,6755695946143823467
0,, 鹿晗这笑声、,0,169,18,6755696264119561396
0,,我的家乡兰州,0,168,6,6755696972133855779
0,A 我叫申小点儿, 来了,0,169,2,6755697520049365778
0,,哈哈党 : 王晨艺憨憨的,0,165,4,6755697555565737187
0,,十一小时,0,169,8,6755698132781660129
0,bluoo,虞书欣加油,0,167,14,6755698084530370192
0,jy,期待虞书欣！,0,169,2,6755699281703185485
0,,我来看鹿晗,0,165,9,6755700539642061630
0,,超哥，加油！,0,167,8,6755701774612897624
0,,下饭了。,0,169,0,6755701909974694757
0,,来了来了,0,166,1,6755702745640455585
0,,来看鹿晗啦,0,168,1,6755704873237902361
0,, 鹿晗这笑太魔性啦,0,167,14,6755704887183946590
0,,我就是看见在兰州拍我才去搜着看的节目，终于等到你,0,167,4,6755705389830350342
0,, 来来来   哈哈哈哈哈,0,168,3,6755705417592147382
0,, 鹿晗哥哥,0,165,3,6755708314592672882
0,,十一个小时,0,165,1,6755708444029252446
0,,欣欣欣欣欣欣欣欣欣欣,0,165,9,6755708870719993402
0,,晨艺我来啦！,0,165,0,6755713404577709614
0,,好早好早,0,168,1,6755715635461949814
0,,我是v几,0,166,2,6755717731183996481
0,,爱欣欣,0,166,0,6755719363769678200
0,,11个小时？！！！,0,168,1,6755721175662884261
0,,好早,0,166,0,6755723514611956843
0,,我还是很期待的,0,167,1,6755724349526276197
0,旧言虐心, 晨艺我来了,0,166,2,6755725533447911385
0,, 鹿晗吃兰州拉面没,0,167,2,6755736971270138497
0,,终于来兰州了,0,167,0,6755745111717646208
0,,哈哈党 : 47打卡,1,154,12,6755692169013687323
0,0云呢嗱,蹲点发弹幕,4,150,7,6755693160884062642
0,,第一谁与争锋,1,153,17,6755696848935258073
0,biubiubiu💥,这期有虞书欣吗,0,153,15,6755697184114939655
0,,哈哈党 :  最喜欢这种不守时,1,151,14,6755697876165735824
0,, 腾讯的不准时 还是可以的,1,150,4,6755697838286631036
0,阿翡,虞书欣妈妈爱你😘,0,154,5,6755711279026435678
0,,这个哈哈哈和奔跑哪个好看,0,151,17,6755712946921473998
0,,鹿鹿子来了,5,152,10,6755713058707370505
0,, 欣欣宝贝我来啦,0,153,5,6755713709513316874
0,,张颜齐,0,153,0,6755722356976980023
0,,为欣欣充会员啦啦啦,0,154,5,6755725030450560098
0,,姜格格你但得到么,0,151,2,6755726382045044914
0,海绵宝宝和他的大菠萝, 打卡,0,152,4,6755726696412324440
0,💓m捧一手星星h.,来看虞书欣挖百合啦,0,154,7,6755731669179149667
0,北故人,我爱你鹿晗,5,150,7,6755731034554430863
0,北故人,鹿晗,5,153,1,6755731044637883222
0,,[打工人22]路过,0,151,0,6755739283577049012
0,,虞书欣,0,151,4,6755743879834047682
0,,来看鹿哥,0,151,1,6755744305692999109
0,, 鹿晗哈哈哈哈哈,0,150,3,6755746026347838682
0,,嗯，这综艺很下饭,0,151,1,6755748423414556724
0,, 鹿鹿,3,153,2,6755749365991108691
0,,先提前发，我爱鹿宝宝,3,150,1,6755749357199847494
0,, 来看鹿哥,3,154,0,6755749579314416778
0,,啦啦啦啦,1,150,0,6755752000433092308
0,花花牛, lll,0,152,0,6755755307202751703
0,,怎么没人呢,0,154,0,6755756932315202535
0,棣, 来了,0,154,0,6755761317816239330
0,, 这女的怎么哪都有,0,152,15,6755767858904935512
0,Leon, 哈哈哈哈哈哈哈哈哈哈,0,151,0,6755770259388999627
0,, 哈哈哈哈哈哈,0,150,0,6755784019041336726
0,,我们兰州啊,0,153,2,6755784193064029458
0,Bonnie,谢宏祖,0,153,0,6755784435104417434
0,,看🐟宝挖百合了哈哈哈哈哈,5,154,0,6755808482227847614
0,,来看虞书欣啦,5,150,0,6755808464090970712
0,ベ☆小强呐,[打卡]兰州人先打个卡,0,152,2,6755823923024641674
0,,我带着印尼的雷来看谢洪祖啦,0,152,2,6755824253310277127
0,陌, 哈哈哈哈哈哈哈哈哈哈哈哈哈哈哈哈哈哈哈,0,152,2,6755829600070603454
0,一米小可爱,鹿晗，来兰州啦,0,152,1,6755855244777943800
0,,鹿鹿子,4,177,8,6755691334188168873
0,,鹿晗鹿晗,4,175,18,6755691466853642508
0,,鹿鹿我来啦,4,178,20,6755691502099700643
0,　,哈哈党 : 躲在预告里,6,179,16,6755691559371600241
0,,鹿晗鹿晗鹿晗鹿晗哥哥,0,179,14,6755692282922595491
0,,来了,4,176,1,6755692811166169957
0,,就喜欢你的不准时,0,178,6,6755692671161314047
0,你瞅啥啊、你瞅🌻,我的鹿鹿,0,175,3,6755693869796925569
0,京师律师, 晨艺这期是不是还碰到叶音师傅啦,0,179,8,6755693885634617486
0,,来看欣欣啦,0,176,22,6755694086008801826
0,,我来啦 虞书欣,0,175,11,6755695493905577013
0,, 竟然有虞书欣？有点期待了哈哈,0,176,26,6755695973034863384
0,,哈哈哈我来啦欣子,0,177,3,6755695981553502221
0,陶瓷汽水,开车去啊？！,0,176,10,6755696567443198923
0,,来看齐齐了,0,175,5,6755697011145060621
0,biubiubiu💥,来看虞书欣挖百合,0,179,4,6755697294072547872
0,,啥时候来山东,0,176,5,6755697511940423378
0,,晨艺 我来看你了,0,177,5,6755698048397452747
0,,张颜齐老婆来了,0,177,4,6755699002890026084
0,,来看鹿晗了,0,175,6,6755699537610263268
0,,这也太远了吧,0,179,1,6755699824488027331
0,🌫, 预告点进来直接正片,0,179,0,6755700513658047026
0,,这就是会员的力量吗,0,177,3,6755700630766157505
0,,虞书欣，我来了,0,178,5,6755701244384440896
0,, 滁州滁州滁州,0,176,5,6755701447025207346
0,L,期待虞书欣！,0,176,1,6755703062037774688
0,,来了来了，鹿晗,0,175,1,6755703405182131338
0,,期待张颜齐！,1,179,0,6755705431316175760
0,Mr.J,我的家乡兰州,0,177,4,6755705524386805733
0,,我的大兰州,0,177,0,6755706538905055662
0,清风-,这期最好看 期待！,0,175,2,6755707628744620960
0,至安,鹿哥,0,177,0,6755702156596547958
0,,下饭下饭,0,178,3,6755702040636359363
0,,大兰州,0,175,0,6755708896977295944
0,邵益瑜, 坐车11小时，累死啊,0,176,10,6755709177071958061
0,,来哈哈哈哈哈了,0,179,2,6755716970738545952
0,, 来了来了,0,178,3,6755719450688256854
0,,哈哈哈哈哈哈哈,0,178,3,6755722497812347918
0,雪  菘  彬,啷个有虞书欣😒😒😒😒😒😒😒😒,0,178,3,6755722888567303396
0,,虞你一起，书写欣意,0,178,2,6755725205932540474
0,明天见,鹿晗鹿晗我来了,3,164,30,6755692136994715786
0,,赚钱flag : 看看这该死的路途。,6,163,47,6755694518373741881
0,, 为啥不来成都,0,164,13,6755694418624446171
0,, 鹿晗这笑声、,0,164,7,6755695390101092462
0,,可以下一季还邀请王晨艺吗，他好好可爱,0,163,82,6755695933662939084
0,马婧Jing,虞书欣妈妈爱你👄,0,164,6,6755696115908640145
0,biubiubiu💥,期待虞书欣,1,162,28,6755697219417436992
0,小佳,我甘,0,164,0,6755698369802473302
0,,哈哈哈哈哈,5,161,6,6755699118661205237
0,抱住星星.,哇，这么远的吗？,0,162,29,6755699909556901174
0,今生的挚爱,来了来了，,2,160,9,6755701514943572123
0,, 哈哈哈哈哈哈,0,160,3,6755714876708473486
0,, 看到小鱼就想笑哈哈哈哈哈,0,162,5,6755719226151079823
0,废材先生不废材, 晨艺啊，长点心吧哈哈哈哈哈,0,161,9,6755719923555093002
0,, 终于来我兰州了,0,161,4,6755720006051856062
0,微泶℡,一千多公里,0,164,5,6755720468410595890
0,,兰州牛肉面,0,164,0,6755720676277465016
0,,鹿晗,0,161,0,6755720670177590127
0,,我家欣欣子,0,164,0,6755725088630710063
0,,我爱你鹿晗,0,162,8,6755725071324052641
0,,游遍大江南北,4,162,1,6755736570130792682
0,,还是哈哈哈哈好看,0,162,1,6755731177812241063
0,,欣欣,0,161,1,6755740910963105799
0,,为欣欣充会员啦啦啦,0,162,0,6755742113766865209
0,,来啦,0,160,2,6755745845262611961
0,,鹿晗爱你哦,3,160,3,6755749395394138721
0,,    大兰州欢迎您~,0,162,0,6755754330314782936
0,,这节目不火了吗,0,160,0,6755757041949806490
0,, 雷佳音！!!!!!!!,0,163,1,6755760683297028492
0,, 张颜齐,0,160,1,6755765277390476407
0,xyzt,山海情刚看完,0,161,0,6755771838971261124
0,, 鹿晗哈哈哈哈哈,0,160,4,6755772306657146351
0,,虞书欣妈妈爱你😘,0,160,0,6755775936269399426
0,,先来打个卡[刷卡],0,163,1,6755791167121028838
0,,雷佳音和虞书欣又一起上综艺啦，我估计得笑死,5,163,3,6755808517274399883
0,, 终于来我兰州了,0,163,1,6755814474318886045
0,, 有西固的嘛,0,163,2,6755855643774040874
0,,欣欣子我来了哈哈哈哈哈,0,161,0,6756141804686873487
0,Charon,11:50 第一次这么早,2,155,14,6755692577804456060
0,1,来啦,1,156,3,6755693322662562419
0,,第一第一,0,156,7,6755693818097934404
0,,好早,3,159,2,6755694618797604826
0,,哈哈党 : 兰州拍摄？？就在我家附近！我居然不知道啊啊啊！,3,158,61,6755696476435190607
0,,雷佳音和虞书欣又一起上综艺啦，我估计得笑死,0,155,37,6755705399418529298
0,🏠曉珺,周震南,0,155,6,6755707596712737819
0,,嘿嘿,0,155,1,6755703944997481401
0,, 张颜齐,0,155,0,6755712476076242978
0,顺其自然,兰州牛肉面,0,159,20,6755714422838599419
0,,哈哈党 : 雷佳音！!!!!!!!,3,157,16,6755714080590804923
0,,姜格格你看的到么  好喜欢你啊,0,158,10,6755726487538826448
0,,启程啦[旅行团],4,155,2,6755736301758555872
0,,先来打个卡[刷卡],4,157,3,6755736417756235184
0,,鹿晗爱你哦,0,155,2,6755732525483756106
0,,前段时间我听说了，不过没来得及去，太难了,0,156,11,6755737858309552992
0,星宇源（辰）,为什么没有孙漂亮在呢,0,156,6,6755745201434109762
0,, 鹿晗哈哈哈哈哈,3,157,0,6755749381593561313
0,,鹿晗哇~,0,159,6,6755754328389614301
0,,来看欣欣啦,6,156,0,6755756130896644809
0,,欣欣我来了,0,158,3,6755763660687648682
0,星洲泛泛.,[打卡][刷卡][旅行团]兰州打卡我是认真的啊,0,159,12,6755766636646005115
0,,鹿晗哥哥的魔性笑声哈哈哈哈,0,157,3,6755772296963751241
0,,期待虞书欣就完事了,0,159,7,6755775929688536438
0,,终于更新了 来看虞书欣啦,0,156,0,6755775920440113155
0,,兰州人路过，兰州打卡签到[打卡],0,158,6,6755786134594766469
0,己不正，何正人？,陈赫的电视剧获奖了，来恭喜一波,0,158,2,6755795500647557482
0,,⛳兰州人开此打卡,0,156,0,6755802573359749096
0,, 前排,0,157,1,6755809220990531910
0,, 欣欣宝贝我来啦,5,159,2,6755808502288497301
0,,兰州啊，第一次见晨艺的地方,0,159,3,6755818966191632782
0,沙漠神雕,虞书欣很做,0,159,0,6755830258462128127
0,, 兰州，舒服了！！！,0,158,0,6756040747898052092
0,,这一期的人我都好喜欢,0,157,0,6756101705638807629
0,, 鹿晗哈哈哈哈,0,155,0,6756561629422790516
0,.,一直都在看 稳稳的,4,173,18,6755690845749578666
0,,我来啦,4,174,11,6755692057211371741
0,,这里这里,0,174,5,6755692224237258125
0,,哈哈党 : 我来了,2,171,6,6755692661953459818
0,,鹿哥鹿哥,0,174,10,6755692928821603342
0,,第一鹿晗我来咯,0,174,5,6755693212834704729
0,℡↘ふ詠遠℡,我来了,0,173,8,6755695309625688075
0,,第一,0,173,0,6755695381816996762
0,,来了来了是第一吗？,4,171,11,6755695722517481132
0,,鹿哥又帅了,0,173,7,6755696277829729582
0,榨汁机,虞书欣我来了,1,170,22,6755696429302841143
0,,到重庆了都不来趟贵州，唉,4,172,19,6755696469585931700
0,,赚钱flag : 看看这该死的路途。,0,170,2,6755696454267338585
0,盛夏之岚,我偶遇过这期，虞书欣本人很好看,0,174,16,6755697727684198746
0,,来了来了,0,172,10,6755698847143625110
0,, hahahhaha,0,171,5,6755699914978818825
0,抱住星星.,鹿晗来啦,0,172,3,6755699984029986960
0,李祉莹, 来看大头,0,174,0,6755703491169593343
0,,哈哈党 : 必蹦跑吧兄弟好看,2,206,35,6755692805618117509
0,,哈哈党 : 我来看他们了,1,208,27,6755693735201409145
0,。,鹿哥 🦌🦌,1,205,16,6755694169571209769
0,,鹿哥冲冲冲,0,205,4,6755694524615825838
0,,鹿哥这期的智商绝了,3,207,6,6755694533430935399
0,,啥时候来山东啊,0,206,17,6755697230364553790
0,盛夏之岚,这个司机好像陈佩斯哈哈哈哈哈哈,4,209,54,6755698042487377364
0,,鹿晗,0,209,1,6755698219188516950
0,,来了来了来了来了,0,206,2,6755699289571660239
0,,居然有虞书欣 还没看感觉就已经哈哈哈哈哈了,0,206,14,6755700180226604127
0,,和虞书欣一起哈哈哈哈哈,0,209,5,6755700195059016023
0,,来了就把鹿晗打上去,0,209,2,6755700744285336824
0,,21公里预计一小时,0,207,10,6755704936773219466
0,,鹿5晗就爱拍别人,0,205,3,6755705469961516918
0,,鹿哥你拍了敢放出来吗,0,209,2,6755705487950886810
0,,旅行社又在搞事情,0,209,31,6755706504818657180
0,,21公里跑一个小时？,0,209,9,6755703783096351707
0,, 鹿哥你咋这么爱拍别人,0,208,12,6755703929339149579
0,, 送你一支兰州,0,208,4,6755702524760017756
0,,王晨艺真是大可爱,0,207,6,6755702262339146262
0,,哈哈哈哈哈车坏了,0,206,12,6755709036675658066
0,,鹿晗放出手机照片,0,205,10,6755709132927602282
0,,大兰州,0,205,2,6755710314340712426
0,,兰州兰州,0,208,0,6755711464608605509
0,阿翡,来看虞书欣挖百合,0,209,1,6755711513094724575
0,, 哈哈哈哈哈,0,207,1,6755714139282411382
0,, 虞书欣 我来了,0,208,0,6755715988773607770
0,,期待晨艺,0,208,0,6755718499018148722
0,关小y,祈祷,0,206,0,6755717739169911950
0,, 鹿晗小朋友手里究竟有多少人的睡颜呢,0,206,2,6755720662423639581
0,, 听说这期鹿哥智商爆表[厉害],0,208,2,6755714431708592914
0,, 哈哈哈哈哈哈,0,208,1,6755714337231878488
0,,真的很累啊，11个小时,0,205,1,6755712310524226275
0,,这么坐11个小时也太累了吧？,0,206,2,6755723695764305041
0,设计师-许升,我大兰州,0,207,0,6755732337565643416
0,,期待张颜齐！,0,205,0,6755741690201839785
0,,哈哈哈哈,0,205,0,6755750926226044691
0,,想看鹿鹿子的手机哈哈哈哈哈,0,207,1,6755789837429831119
0,, 鹿哥来拍我吧,0,207,0,6755794533323613242
0,娜娜,为啥不坐飞机？高铁🚄？,0,207,3,6755794861350383762
0,,第一,1,196,1,6755691567124030986
0,,哈哈党 : 甘肃人,1,198,22,6755691727832990564
0,,鹿哥冲冲冲,4,199,27,6755691760756912732
0,,兰州兰州,0,199,8,6755693564422237951
0,京师律师,哈哈党 : 晨艺这个大棉袄哈哈哈哈哈,3,195,30,6755693953632373120
0,, 皮皮鹿专注拍照十一年哈哈哈哈或或,0,195,13,6755694481715524869
0,,来看虞书欣挖百合,0,198,20,6755694314711917234
0,勾起唇角`没心没肺的微笑,兰州拉面，嘻,0,198,7,6755695548554520780
0,阳阳妈咪,这熟悉的街道,0,196,11,6755694781981192376
0,,居然有虞书欣 还没看感觉就已经哈哈哈哈哈了,4,197,33,6755696061660201948
0,,来了就把鹿晗打上去,0,196,20,6755696560093460924
0,Blossom.,就喜欢你的不准时,0,197,10,6755697154678354688
0,,看这期鹿晗王者智商,0,199,7,6755697987835596167
0,,来了期待虞书欣,0,197,2,6755698025550067279
0,, 听说这期鹿哥智商爆表[厉害],0,196,1,6755698236884285548
0,,  兰州拉面我来啦,0,196,8,6755698210263021373
0,, 鹿晗：报道报道,0,198,3,6755698797000031053
0,, 12吗,0,199,1,6755699251550341450
0,,鹿哥你拍了敢放出来吗,0,195,7,6755700449912321023
0,, 鹿哥你咋这么爱拍别人,0,195,1,6755700441319198646
0,, 鹿晗小朋友手里究竟有多少人的睡颜呢,0,199,19,6755700508616802324
0,Sue,真的很累啊，11个小时,0,199,5,6755700918450592454
0,往事如风, 来了,0,196,0,6755700995402528528
0,,鹿晗，你在干啥,0,199,0,6755701468847159530
0,,鹿5晗就爱拍别人,0,195,5,6755703851120576518
0,, 啊,0,197,0,6755704385117372321
0,, 鹿哥来拍我吧,0,198,1,6755708518433005944
0,,徐溫柔路過,0,197,3,6755712262155512441
0,,欢迎来兰州,0,196,7,6755713844669593124
0,,鹿晗放出手机照片,0,199,1,6755714564169867241
0,77,期待张颜齐！,0,196,1,6755719474750962214
0,,对鹿晗路转粉,0,198,4,6755735923070267628
0,,虞书欣,0,195,0,6755735972949293125
0,,甘肃省兰州市,0,195,11,6755732276852751519
0,我是xuxia,鹿晗调皮。,0,198,0,6755729989226142164
0,AFangor,赫赫的腰永远的痛,0,195,7,6755745589003582449
0,,开始了吗,0,198,0,6755762875576552568
0,籍籍无名, 兰州是甘肃的,0,197,5,6755764116943026762
0,,鹿哥俺来了,0,197,1,6755777971829067289
0,, 1,0,197,0,6755842999739461084
0,,哈哈党 : 来来来 第一第一,1,183,17,6755691422198209336
0,π,来了来了,3,183,4,6755691478065379118
0,丽,鹿哥鹿哥来看你啦,1,182,15,6755692884055491719
0,"慢着,别慌",哈哈哈哈,4,184,16,6755693231363782964
0,,哈哈党 : 打卡哈哈,1,181,15,6755693623641576777
0,,我来了,0,184,4,6755695092327491221
0,,居然有虞书欣,0,182,9,6755695196031657735
0,家给我的快乐\🧸,第一鹿晗我来咯,3,180,19,6755695030309517251
0,,第一打卡,0,181,4,6755695824622615511
0,,来看齐齐了,0,183,15,6755697245909667544
0,,来了，鹿哥,0,183,2,6755699582300525421
0,抱住星星.,鹿晗,2,184,0,6755700114204064782
0,, 准备吃饭啦,0,183,0,6755700514560123673
0,,下饭下饭,1,182,6,6755701218557281251
0,,期待张颜齐！,0,181,4,6755703070220553164
0,,鹿鹿子,0,184,4,6755704693973349048
0,,下一季一定要原版人马，谢谢节目组,0,181,12,6755706005164072872
0,, 拉面,0,180,2,6755706814948638548
0,, 兰州兰州！！！！,0,184,3,6755707459144762943
0,,对鹿晗路转粉,0,180,3,6755708019214058855
0,,鹿哥俺来了,0,181,5,6755708614196002414
0,阿翡,我来啦 虞书欣,0,180,1,6755711390042268852
0,1874、, 真实的旅程,0,183,3,6755716668149923893
0,,哈哈哈我来啦欣子,0,182,3,6755719430064864057
0,,我的家乡兰州,0,184,5,6755720767109320482
0,,鹿哥又帅了,0,180,1,6755712205456910860
0,,小齐我来啦,4,183,2,6755724849034312076
0,,真 怼脸拍,0,181,0,6755727990787088045
0,, 鹿晗这笑声、,0,181,4,6755735345843082876
0,,都累了,4,183,1,6755736621606796228
0,,开心😲,0,180,1,6755731921406799930
0,Fairy,期待虞书欣！,0,181,6,6755740683764693576
0,人间香奈儿,我的鹿鹿,0,180,2,6755745554303743113
0,,我偶遇过这期，虞书欣本人很好看,0,182,7,6755753666936291837
0,,第二,0,180,1,6755757143225735976
0,,虞书欣，我来了,0,184,2,6755770055981731709
0,袁双萍,鹿鹿子鹿晗你太皮了,0,182,7,6755787977315087769
0,,好家伙，张颜齐这脸也太优越了吧,0,182,9,6755797756624272210
0,隆元丹,坐汽车好辛苦,0,184,1,6755813944218599429
0,ベ☆小强呐, 鹿鹿子不分享一下的吗？,0,182,1,6755824114440800245
0,Re.,哈哈党 : 鹿哥鹿哥    可不可以要一张你的签名照啊,3,192,42,6755690709929938763
0,,哈哈党 :  哈哈哈哈哈,0,191,24,6755691558180417904
0,, 鹿哥鹿哥    可不可以要一张你的签名照啊,4,194,34,6755691719179122338
0,, 完美啊,0,192,1,6755692749862222631
0,,哈哈党 : 鹿晗小朋友手里究竟有多少人的睡颜呢,3,193,98,6755692525010791019
0,心, 打卡打卡,0,194,1,6755695700232831467
0,,鹿哥冲啊,1,190,10,6755696951929893384
0,Lik,来了来了来了来了,0,193,11,6755696461557022240
0,,照片发出来啊！！,0,193,23,6755697267392580091
0,,来了朋友们,0,192,5,6755697722884554725
0,,邓超加油啊,0,194,6,6755698236897863372
0,, 鹿哥你咋这么爱拍别人,0,190,19,6755699463533641143
0,,哈哈哈哈,0,194,1,6755703526196233523
0,,想看鹿鹿子的手机哈哈哈哈哈,0,193,11,6755704848910581120
0,,晗哥，你把张颜齐照片发给我吗,1,192,20,6755705587758544994
0,,来看齐齐了,0,194,6,6755706636720436133
0,人间太皮,坐高铁不香吗,0,193,11,6755707669728184379
0,,哈哈党 : 皮皮鹿专注拍照十一年哈哈哈哈或或,0,192,5,6755702006805408625
0,,鹿宝贝,0,194,0,6755712265137670452
0,, 兰州兰州！！！！,0,190,6,6755713829231371525
0,, 开车去兰州？？？,0,190,14,6755714067047397287
0,,来了，鹿哥,0,190,2,6755716639057179392
0,,下饭综艺,0,193,3,6755717188965041030
0,, 大哥来也,0,193,0,6755720743851904761
0,,  张颜齐啊兄弟想你了,0,194,2,6755714699289406149
0,,鹿晗,0,192,0,6755723621747422252
0,菜头君。,居然开车到兰州？？？,0,190,5,6755712076846967085
0,,第一鹿晗我来咯,0,190,4,6755712018717802892
0,, 鹿好皮啊哈哈,0,192,0,6755724181879582741
0,,张颜齐怎么还不走,0,193,5,6755724623524382009
0,, 11小时理还乱,0,190,0,6755734431421629720
0,,来看齐齐,0,191,6,6755742512074388509
0,,真 怼脸拍,0,191,18,6755744403484514169
0,,我来看鱼头欣欣啦,0,191,3,6755752181125065700
0,莫忘初心, 鹿晗这笑声、,2,191,1,6755753448868871787
0,, 不喜欢兰州,0,191,0,6756505863457012148
0,,鹿宝贝,4,187,8,6755691397400507683
0,,哈哈党 : 皮皮鹿专注拍照十一年哈哈哈哈或或,2,185,91,6755691614707398179
0,,鹿哥冲啊,0,185,10,6755691676255325985
0,, 皮皮鹿专注拍照十一年哈哈哈哈或或,6,188,47,6755692689817273279
0,,鹿晗，你在干啥,0,187,16,6755693022585276701
0,万千萤火, 听说这期鹿哥智商爆表[厉害],0,188,39,6755692704296315687
0,,鹿哥你拍了敢放出来吗,4,189,55,6755693945197627770
0,F,鹿5晗就爱拍别人,2,186,45,6755697225596340678
0,,下饭综艺,0,185,13,6755697509496195884
0,, 下一季也希望原班人马,0,187,19,6755698959425143322
0,, 鹿哥来拍我吧,0,189,11,6755700952051161842
0,花朝廿二,想看鹿鹿子的手机哈哈哈哈哈,0,185,19,6755702878619857845
0,, 兰州是哪个省啊,0,186,15,6755703068941556181
0,, 打卡哈哈,0,189,3,6755701592156209176
0,王京,欢迎来兰州,0,185,2,6755710542359493439
0,, 鹿好皮啊哈哈,0,186,23,6755711909565540379
0,挥霍丶放肆旳青春 ,十几个小时开车去啊？,0,189,3,6755712863218891447
0,我爱睡午觉,张颜齐啊啊孩子真累了睡的好香,0,187,5,6755719511770595683
0,,破晓色,0,189,9,6755721410279667489
0,,鹿哥又在皮啦,0,189,3,6755715307325035751
0,, 坐车11小时，累死啊,0,185,3,6755712617241056046
0,,虞书欣🐟📖🌟🎀虞书欣🐟📖🌟,0,187,2,6755725345962867800
0,,来看虞书欣挖百合,0,185,4,6755728377010224852
0,, 张颜齐有点帅哦,0,186,12,6755735043433803697
0,,鹿晗好精神,4,185,2,6755736661209397823
0,,路上还是要多睡一会儿,4,189,2,6755736727866252713
0,, 虞书欣爸爸爱你,0,186,3,6755740544212156190
0,故淵, 哈哈哈哈哈哈,0,189,0,6755743164344504509
0,,鹿晗好喜欢拍人家睡觉的照片,0,187,4,6755748623071511109
0,,但凡这里有发烧的问你接触过什么人你会说全国旅游了吗,0,187,0,6755750103395873436
0,, 每次五哈我都听成武汉,0,186,4,6755754912908822708
0,,第四,0,188,0,6755757204915602770
0,.,vip天下吗,0,186,1,6755800770777645064
0,, 王晨艺,0,188,4,6755814105288261943
0,李安峻, 来兰州了,0,186,0,6756064753611162647
0,,开始了[旅行团],1,204,14,6755691216793436138
0,,天啊  兰州,3,202,13,6755696333543641748
0,ཞས་ལས་ཡཱོན徐丽媛, 啊终于到兰州了,0,204,7,6755696531372231437
0,,兰州拉面，嘻,1,203,8,6755698245882027103
0,, 怎么不来大宁夏,0,202,8,6755698755669359380
0,, 哈哈哈,0,204,0,6755699028685685368
0,,想知道弹幕上打鹿鹿子会扣钱吗,0,204,6,6755700266521567676
0,,哈哈党 : 鹿晗小朋友手里究竟有多少人的睡颜呢,0,202,15,6755706773404398682
0,, 皮皮鹿专注拍照十一年哈哈哈哈或或,4,203,11,6755713692597724158
0,এ᭄ꦿ忆往꧔ꦿ⁵²⁰᭄,我们大兰州,0,204,3,6755718235607781354
0,,来了,5,200,0,6755720740998413280
0,ing, 来了,0,203,0,6755722013958413877
0,, 我才一定很累,0,200,7,6755714112523060576
0,,兰州拉面，啊哈哈哈,0,204,3,6755711874543109777
0,, 晨艺小憨憨,0,200,4,6755723978490714456
0,飞飞鱼_orb,兰州！！,0,204,1,6755711289016905737
0,,等待虞书欣,0,204,1,6755725471876580265
0,,啾啾啾,0,202,1,6755734631305686420
0,, 晨艺这个大棉袄哈哈哈哈哈,3,201,12,6755738015475635398
0,aB_  大安妮,哈哈哈哈哈鹿晗陪你过周五,0,201,6,6755746471317356368
0,Lang,找这司机这表演。。。。,3,237,50,6755692048957286472
0,, 第二,0,237,3,6755692179580460706
0,, 原来这就是被扔村里的原因啊哈哈哈哈,6,235,10,6755692886433974392
0,,节目组的阴谋,0,235,30,6755693536966018963
0,小静,师傅有镜头，看来是节目组安排的，哈哈哈哈哈,0,237,51,6755693482124787356
0,勾起唇角`没心没肺的微笑,真的这节目666天意哈哈哈,4,236,16,6755695706880113464
0,心, 起痘了亲,0,235,3,6755695871905959996
0,, 他们下去转头就跑,0,236,34,6755695772643600879
0,, 张颜齐哈哈哈哈哈哈哈,5,239,37,6755696428250054124
0,,王晨艺懵了,0,236,0,6755697913340828344
0,你午睡了吗, 师傅演技可以啊,0,235,4,6755698850045377129
0,,司机大哥和节目组一起套路,0,237,8,6755699411185544437
0,,一看就是骗的,1,238,24,6755700206281620615
0,, 套路,0,237,2,6755702936565127287
0,, 都是套路,0,238,19,6755705757876027413
0,, 鹿鹿长了个痘痘哈哈哈哈哈还年轻,0,236,21,6755706875855487356
0,木樨子,都感觉是节目组搞事情,0,239,32,6755707571082035637
0,,司机演技不太行啊哈哈哈哈,0,238,51,6755708650485120686
0,"Cr1stiNe,💋",肯定假的哈哈哈,0,237,9,6755717357587955345
0,,王晨艺下车,0,239,8,6755718821965918283
0,gk, 都是套路啊,0,235,4,6755719217417482870
0,废材先生不废材, 王晨艺你炸了,0,236,0,6755720235456113917
0,训导主任,起码要装模作样检查一下再说坏了呀,4,237,4,6755722084933466900
0,,张颜齐好好看啊 ,0,238,2,6755722710548466413
0,, 有没有一种模仿极限挑战的感觉,0,236,5,6755724622018619126
0,,肯定是骗人的,0,235,0,6755709439988713028
0,, 故意的吧哈哈哈,0,236,2,6755709445365767681
0,,哈哈哈哈哈车坏了,0,236,3,6755733846350044750
0,,鹿晗,0,239,1,6755735317216958042
0,,导演组安排的肯定,0,239,3,6755736282564426232
0,,演技不行啊哈哈哈哈哈哈哈哈,0,239,2,6755737164781385594
0,, HHHHHH,0,238,1,6755730636171047787
0,小王小王有点彷徨, 好家伙，套路开始了,0,237,2,6755739478820844548
0,,张颜齐！,0,238,0,6755739539172684871
0,,。,0,235,1,6755751183257205338
0,, 坐这个车，坐11个小时！？太累了！,0,238,5,6755767479956962690
0,令狐二中,车坏了，不敢信,0,235,0,6755769762871493874
0,, 五哈旅行社我听成了武汉旅行社,0,238,5,6755772807696102840
0,白雪,哈哈哈哈哈哈哈哈哈哈哈,0,239,1,6755822589681539230
0,,司机的语音像兰州人,0,239,1,6755829492926148987
0,,哈哈哈哈哈车坏了,4,217,32,6755692128493880617
0,,宝贝咋起痘了别熬夜！！,0,217,34,6755692143262025016
0,,嚯哈哈哈哈哈,6,218,20,6755692252913714607
0,,哈哈哈哈哈哈哈哈,4,215,28,6755693603101097766
0,, 张颜齐,0,217,4,6755695197620997986
0,,司机好淡定,4,216,67,6755695005751867299
0,,来看虞书欣,0,217,7,6755695463283325442
0,,鹿哥长痘了注意休息别上火啊,3,219,15,6755695333818433581
0,, 套路来了,0,218,29,6755695615176853017
0,, ？？？演戏吗,0,219,31,6755696692454469329
0,,司机演技不太行啊哈哈哈哈,0,218,17,6755696906896650219
0,盛夏之岚,鹿哥开车，戳穿司机,0,219,41,6755698202314815282
0,你午睡了吗, 哇哈哈哈哈哈哈,0,218,1,6755698433992410419
0,,哈哈哈[笑哭23],0,216,4,6755699503945414890
0,东龙,邓超,0,216,0,6755699728156487700
0,,鹿晗，你晚上还吃东西吗？都长痘痘了,0,217,14,6755700846845477376
0,是你傲吖,  哈哈哈哈哈哈哈哈哈哈车坏了？！,0,217,6,6755703377171247639
0,,王晨艺来啦,0,219,4,6755703937133121739
0,, 张颜齐哈哈哈哈哈,1,215,12,6755705703618816055
0,, 鹿老拍别人的睡姿哈哈哈,0,219,3,6755706264896384206
0,Luuuuuuuuuuu, 哈哈哈哈哈哈,0,218,0,6755707028704306510
0,,鹿晗你又帅了,0,218,2,6755706338719317770
0,,期待虞书欣,0,217,0,6755703739166213897
0,阿翡,和虞书欣一起哈哈哈哈哈,0,215,4,6755711538959675801
0,,来啦来啦来兰州了哈哈哈哈哈,0,215,2,6755713048510659558
0,,兰州兰州,0,216,1,6755713901285284708
0,,坐了多久的车啊,0,216,3,6755718518387745468
0,,来看王晨艺,0,215,2,6755718638670984464
0,,坐高铁是咋回事,0,219,0,6755719566644979966
0,,鹿哥是长痘了吗，哈哈哈哈哈,0,218,3,6755715480679861875
0,,套路。绝对的套路。,0,219,3,6755720715238049878
0,,又套路了,0,219,1,6755720951075676504
0,,  开始套路了,0,217,4,6755721985894325781
0,, 鹿哥你咋这么爱拍别人,0,216,7,6755712126830452692
0,呦吼吼, 鹿晗到底拍了多少人的睡颜,0,216,2,6755709601565573484
0,路璐An,鹿哥 🦌🦌,0,215,0,6755728473379242970
0,,来看虞书欣啦,0,218,0,6755728522222226142
0,,这谎话说的一点都不假,0,216,8,6755772917456844349
0,欣欣向荣,啥时候来山东啊,0,215,0,6755791390119589927
0,, 笑了，车坏了,0,215,0,6755807687633024349
0,,第一第一,2,210,12,6755690528580769673
0,Dd,前排,0,210,0,6755690938359100199
0,,开始了[旅行团],3,212,22,6755694435579183117
0,,哈哈党 : 怼脸拍，哈哈,5,211,36,6755694959472610916
0,一片绿叶,王晨艺我来啦,1,211,9,6755695844978567759
0,,哈哈党 : 鹿老拍别人的睡姿哈哈哈,2,213,46,6755697389975308946
0,,逗比,0,212,0,6755698079603074548
0,, 张颜齐哈哈哈哈哈,0,210,15,6755699041524715647
0,,来看虞书欣挖百合,0,210,6,6755703657259845217
0,,  开始套路了,0,211,29,6755704324842001305
0,, 是因为在兰州拍的才看这个节目，爱了爱了,0,213,33,6755706844636263720
0,,晨艺呀,0,211,4,6755707473726993671
0,, 鹿晗小朋友手里究竟有多少人的睡颜呢,0,211,15,6755712931582210368
0,,哈哈党 : 鹿晗你又开始收集别人睡觉照片,1,214,29,6755714729782004112
0,,听说王晨艺这期好惨[笑哭23],0,210,6,6755718597483938330
0,我爱睡午觉,憨憨齐齐,0,212,6,6755719658210830739
0,,表演的痕迹没有~~,0,212,34,6755714768549948189
0,慢慢喜欢, 皮皮鹿专注拍照十一年哈哈哈哈或或,0,211,2,6755722000674787292
0,, 哈哈哈,0,210,0,6755712332225563075
0,,鹿晗放出手机照片,0,211,1,6755712337988223901
0,,和欣欣一起,0,210,0,6755725530064472675
0,,极限挑战正好在附近叭，所以这次是大头他们来，,0,214,13,6755726159797276132
0,, 张颜齐一脸懵,0,211,2,6755735291442694575
0,, 一看到这路，居然和我想的一样，在这里开始走路去兰州，必定是一大幸事。,0,210,2,6755729839551427724
0,aB_  大安妮,哈哈哈哈哈,0,213,5,6755746535126314579
0,,车坏了，骗人的吧？,0,212,13,6755748758166161380
0,Qzgl,明显司机正常制动，你说没油了还行,0,212,7,6755747271841873322
0,wmh1212,不可能一直坐10几个小时,0,213,2,6755752880469375915
0,,张颜齐真的显得好乖呀,0,212,1,6755757450261372089
0,,车坏老，哈哈哈哈，太熟悉了,0,212,2,6755765085979258571
0,,真的很累啊，11个小时,0,213,1,6755772938029559939
0,,这司机才是真累,0,213,1,6755805968807246225
0,, 噢耶~~明天休息，现在看哈哈哈哈哈，真可以哈哈哈爽了[厉害],0,213,1,6755808817411763385
0,,司机师傅演的真好,0,213,4,6755812007581611879
0,, 故意的,0,214,1,6756040918127806263
0,,第一第一,1,226,6,6755691285728175319
0,,哈哈党 : 导演组日常不按常理出牌,1,225,69,6755693991784074697
0,, 什么路啊 1小时才开21公里,0,226,12,6755695520950811225
0,勾起唇角`没心没肺的微笑,哈哈哈,0,226,1,6755695665788517119
0,,司机演技不太行啊哈哈哈哈,0,226,32,6755696129469780358
0,王撇撇,表演的痕迹没有~~,0,225,15,6755696276660537788
0,, 故意的吧哈哈哈,0,225,25,6755696718282953868
0,,鹿哥长痘了注意休息别上火啊,0,226,2,6755699056254139255
0,,鹿长痘了[笑哭23][笑哭23][笑哭23],3,227,32,6755699082050120470
0,抱住星星.,鹿鹿，长痘了,2,229,24,6755700515414766676
0,,王勉也挺帅的啊哈哈哈哈,0,226,0,6755700618645979329
0,,肯定是骗人的,3,229,20,6755701200696915824
0,chenying,晨艺发量达人啊,0,227,15,6755701382482956020
0,,哈哈党 : ？？？演戏吗,0,226,2,6755703597250918751
0,,期待虞书欣！！！✨💖🌈,0,225,10,6755704048826482167
0,,宝贝咋起痘了别熬夜！！,0,229,6,6755704557507473832
0,🍪,真的假的是节目安排吗哈哈,0,225,5,6755704638893390821
0,, 哈哈哈哈哈哈哈哈哈,0,226,6,6755706969899863221
0,伴风望海,湖南槟榔赞助的也没看他们来湖南,0,227,5,6755707485660840193
0,,司机演技0分，哈哈哈哈哈,0,229,9,6755709067987502034
0,,鹿哥开车，戳穿司机,5,228,14,6755712177992303249
0,,哈哈哈哈哈车坏了,0,227,3,6755715796733239721
0,,一看就是套路，要他们走过去,0,229,4,6755716801449369215
0,, 鹿晗真好看,0,228,9,6755719795216776592
0,我爱睡午觉,车坏了好突然,0,225,7,6755719868194161520
0,, 鹿哥来拍我吧,0,227,5,6755713227512289050
0,👄陨落,和第一期比，鹿哥瘦了好多,0,229,5,6755723442076715104
0,哈哈哈哈，开心一下,666,0,228,0,6755711749825437050
0,旧言虐心, 晨艺宝宝好可爱,0,229,4,6755725797556163318
0,,王晨艺哈哈哈哈哈,0,227,1,6755725645687486574
0,,司机师傅你这有点牵强啊，哈哈哈,0,228,13,6755709746674857449
0,, 我想的是没有油,0,225,1,6755730003796178309
0,, ？？？演戏吗,0,225,5,6755737292615728568
0,,司机好淡定,0,229,2,6755737307735849038
0,,车坏了,0,228,0,6755739714516885016
0,,绝对的套路,0,228,7,6755746809931561773
0,棣, 为啥不来许昌,0,228,3,6755761696121801824
0,丶汝灬, 其实我喜欢五哈旅行社声音的,0,228,1,6755763741507656825
0,,哈哈哈哈哈哈哈哈,0,227,2,6755763587395023406
0,,故意坏的,0,227,9,6755781752313281600
0,,哈哈党 : 原来这就是被扔村里的原因啊哈哈哈哈,2,230,77,6755691967168365682
0,,真的是假的,3,232,22,6755692297251659562
0,包,哈哈党 : 张颜齐哈哈哈哈哈哈哈,3,234,23,6755695034944917168
0,京师律师, 晨艺这发量总炸毛哈哈哈哈哈,0,234,12,6755694117013362609
0,, 导演组日常不按常理出牌,0,234,11,6755696117843209211
0,,哈哈哈哈,0,232,6,6755697339575858141
0,,表演的痕迹没有~~,0,234,21,6755698083369567088
0,盛夏之岚,骗子,0,232,3,6755698276278148241
0,,王晨艺这膨胀的发型,5,231,19,6755699910920089549
0,,师傅不会撒谎哈哈哈哈哈,0,234,3,6755703698530777639
0,,鹿哥长痘了注意休息别上火啊,0,231,11,6755703969424096362
0,,人咋囧途,0,232,5,6755707479617117929
0,,鹿长痘了[笑哭23][笑哭23][笑哭23],3,233,26,6755701802240778107
0,,套路哈哈哈哈(ಡωಡ)hiahiahia,0,233,16,6755708926895000818
0,,哈哈哈哈哈哈哈哈,0,230,9,6755713240825009971
0,废材先生不废材, 晨艺你的发型太好笑了,0,230,4,6755720212201881186
0,,我家欣欣子呢,0,233,4,6755725721647649426
0,零逸,坏了你不下去检查看看,0,233,6,6755725922995260556
0,,城里人真会玩,0,230,6,6755708875879946781
0,,谁知道鹿晗身上的白色羽绒服是什么牌子的,0,230,0,6755729065568137860
0,, hhhhh,0,230,2,6755733928201930760
0,,师傅，演技可以啊！,0,230,14,6755738562739057794
0,,哈哈哈司机师傅一口兰普,0,233,2,6755740401678142182
0,aB_  大安妮,我觉得是导演组的兴趣味,0,230,0,6755746776663707069
0,莫忘初心,哈哈党 : ？？？演戏吗,2,233,2,6755746839971525262
0,,第一次见鹿哥脸上有痘,0,232,4,6755760099736099342
0,,大爷是个好演员,0,233,8,6755768644723552552
0,, 五哈来兰州，中山桥人山人海,0,232,1,6755777975673878988
0,, 假的，啊、哈哈哈   故意的,0,231,6,6755779349112625908
0,李文诗锐,车坏了好突然,0,234,3,6755784719834744831
0,, 鹿晗 哈哈哈哈哈,0,232,0,6755787198186328358
0,, 他们一下车就开车跑？？？,0,233,0,6755790748751769758
0,耶啵yibo,节目组绝对搞事情,0,232,2,6755798687211261999
0,,兰州话,5,231,1,6755809510460423005
0,, 虞书新有点影响观感,0,231,3,6755842484296235730
0,,鹿子亲亲你,3,231,0,6755854762497254009
0,灬晝亱無温灬,不是吧。第十期警告,4,220,29,6755691820921330935
0,,来了来了 第一,3,224,4,6755692333325908717
0,,鹿子你长了一个痘痘哈哈哈,0,220,18,6755695772379367153
0,,嚯哈哈哈哈哈,0,224,3,6755696128747387997
0,,来看虞书欣啦,0,220,4,6755696159349046740
0,Sue,套路来了,4,221,26,6755700978152315669
0,, 仔细听车坏了后一句,0,224,10,6755701053749491552
0,, 好家伙，套路开始了,0,224,21,6755701572350975532
0,,钱的没得还坐飞机呢，那个哈儿说的,6,222,28,6755702821796433560
0,,哈哈党 : 鹿老拍别人的睡姿哈哈哈,0,220,8,6755704518937660639
0,,兰州没有拉面,0,222,3,6755704860483023870
0,, 套路来了,0,222,17,6755704366357222377
0,山中有雾气,这司机说车坏了一点都不走心啊，哈哈哈 ,0,224,18,6755709321218606472
0,娟儿,虞书欣,0,220,0,6755710794961810224
0,,来看虞书欣,0,224,1,6755711383036424346
0,,想看鹿鹿子的手机哈哈哈哈哈,0,222,6,6755713207367094156
0,小明同学, 这个车坏的猝不及防,0,220,4,6755713709306819863
0,我爱睡午觉,车坏了哈哈哈,1,223,21,6755719825483868827
0,废材先生不废材, 晨艺你的形象呢,0,223,11,6755720180518125529
0,,兰州兰州,0,222,1,6755721125583896900
